file,site,profile,date_raw,Дата,Год,Пункт,ГП,ИПН_м,ИГП_м,РГП_ПН_м
results_models\profiles\Бережновка__ПРОФИЛЬ___60.xlsx,Бережновка,ПРОФИЛЬ___60,1958-10-01,1958-10-01,1958,,136,249.42,125.4,124.02
results_models\profiles\Бережновка__ПРОФИЛЬ___60.xlsx,Бережновка,ПРОФИЛЬ___60,1960-10-23,1960-10-23,1960,,136,230.24,106.22,124.02
results_models\profiles\Бережновка__ПРОФИЛЬ___60.xlsx,Бережновка,ПРОФИЛЬ___60,1965-07-31,1965-07-31,1965,,136,198.78,74.76,124.02
results_models\profiles\Бережновка__ПРОФИЛЬ___60.xlsx,Бережновка,ПРОФИЛЬ___60,1970-07-18,1970-07-18,1970,,136,182.19,58.17,124.02
results_models\profiles\Бережновка__ПРОФИЛЬ___60.xlsx,Бережновка,ПРОФИЛЬ___60,1974-07-13,1974-07-13,1974,,135,172.92,11.8,161.12
results_models\profiles\Бережновка__ПРОФИЛЬ___60.xlsx,Бережновка,ПРОФИЛЬ___60,1980-11-27,1980-11-27,1980,,135,162.77,1.65,161.12
results_models\profiles\Бережновка__ПРОФИЛЬ___60.xlsx,Бережновка,ПРОФИЛЬ___60,1986-10-26,1986-10-26,1986,,136,148.52,24.5,124.02
results_models\profiles\Бережновка__ПРОФИЛЬ___60.xlsx,Бережновка,ПРОФИЛЬ___60,1991-10-18,1991-10-18,1991,,136,130.4,6.38,124.02
results_models\profiles\Бережновка__ПРОФИЛЬ___60.xlsx,Бережновка,ПРОФИЛЬ___60,1994-10-21,1994-10-21,1994,,136,128.44,4.42,124.02
results_models\profiles\Бережновка__ПРОФИЛЬ___60.xlsx,Бережновка,ПРОФИЛЬ___60,2000-07-13,2000-07-13,2000,,136В,105.42,105.42,0.0
results_models\profiles\Бережновка__ПРОФИЛЬ___60.xlsx,Бережновка,ПРОФИЛЬ___60,2001-07-15,2001-07-15,2001,,136А*,100.47,30.74,69.73
results_models\profiles\Бережновка__ПРОФИЛЬ___60.xlsx,Бережновка,ПРОФИЛЬ___60,2005-07-22,2005-07-22,2005,,136А,82.19,12.46,69.73
results_models\profiles\Бережновка__ПРОФИЛЬ___60.xlsx,Бережновка,ПРОФИЛЬ___60,2005-10-15,2005-10-15,2005,,136А,82.15,12.42,69.73
results_models\profiles\Бережновка__ПРОФИЛЬ___60.xlsx,Бережновка,ПРОФИЛЬ___60,2006-07-22,2006-07-22,2006,,136А,78.33,8.6,69.73
results_models\profiles\Бережновка__ПРОФИЛЬ___60.xlsx,Бережновка,ПРОФИЛЬ___60,2006-09-30,2006-09-30,2006,,136А,78.26,8.53,69.73
results_models\profiles\Бережновка__ПРОФИЛЬ___60.xlsx,Бережновка,ПРОФИЛЬ___60,2009-07-20,2009-07-20,2009,,136В(0907),57.79,57.79,0.0
results_models\profiles\Бережновка__ПРОФИЛЬ___60.xlsx,Бережновка,ПРОФИЛЬ___60,2010-07-24,2010-07-24,2010,,136В(1007),65.33,65.33,0.0
results_models\profiles\Бережновка__ПРОФИЛЬ___60.xlsx,Бережновка,ПРОФИЛЬ___60,2011-09-14,2011-09-14,2011,,136В(1109),65.49,65.49,0.0
results_models\profiles\Бережновка__ПРОФИЛЬ___60.xlsx,Бережновка,ПРОФИЛЬ___60,2012-10-16,2012-10-16,2012,,136В(1109),64.52,64.52,0.0
results_models\profiles\Бережновка__ПРОФИЛЬ___60.xlsx,Бережновка,ПРОФИЛЬ___60,2013-07-09,2013-07-09,2013,,136В(1109),62.49,62.49,0.0
results_models\profiles\Бережновка__ПРОФИЛЬ___60.xlsx,Бережновка,ПРОФИЛЬ___60,2016-05-25,2016-05-25,2016,,136В(1109),53.2,53.2,0.0
results_models\profiles\Бережновка__ПРОФИЛЬ___60.xlsx,Бережновка,ПРОФИЛЬ___60,2019-08-14,2019-08-14,2019,,136В(1109),45.8,45.8,0.0
results_models\profiles\Бережновка__ПРОФИЛЬ___60.xlsx,Бережновка,ПРОФИЛЬ___60,2021-07-07,2021-07-07,2021,,136В(1109),29.0,29.0,0.0
results_models\profiles\Бережновка__ПРОФИЛЬ___60.xlsx,Бережновка,ПРОФИЛЬ___60,2023-10-03,2023-10-03,2023,,136В(1109),22.07,22.07,0.0
results_models\profiles\Бережновка__ПРОФИЛЬ___61.xlsx,Бережновка,ПРОФИЛЬ___61,1958-10-01,1958-10-01,1958,,138,252.52,156.3,96.22
results_models\profiles\Бережновка__ПРОФИЛЬ___61.xlsx,Бережновка,ПРОФИЛЬ___61,1960-10-23,1960-10-23,1960,,138,231.58,135.36,96.22
results_models\profiles\Бережновка__ПРОФИЛЬ___61.xlsx,Бережновка,ПРОФИЛЬ___61,1965-07-31,1965-07-31,1965,,138,207.65,111.43,96.22
results_models\profiles\Бережновка__ПРОФИЛЬ___61.xlsx,Бережновка,ПРОФИЛЬ___61,1970-07-18,1970-07-18,1970,,138,187.22,91.0,96.22
results_models\profiles\Бережновка__ПРОФИЛЬ___61.xlsx,Бережновка,ПРОФИЛЬ___61,1974-07-13,1974-07-13,1974,,137,173.78,30.7,143.08
results_models\profiles\Бережновка__ПРОФИЛЬ___61.xlsx,Бережновка,ПРОФИЛЬ___61,1980-11-27,1980-11-27,1980,,137,163.53,20.45,143.08
results_models\profiles\Бережновка__ПРОФИЛЬ___61.xlsx,Бережновка,ПРОФИЛЬ___61,1986-10-26,1986-10-26,1986,,138,148.37,52.15,96.22
results_models\profiles\Бережновка__ПРОФИЛЬ___61.xlsx,Бережновка,ПРОФИЛЬ___61,1991-10-18,1991-10-18,1991,,3С,128.45,5.63,122.82
results_models\profiles\Бережновка__ПРОФИЛЬ___61.xlsx,Бережновка,ПРОФИЛЬ___61,1994-10-21,1994-10-21,1994,,3С,127.82,5.0,122.82
results_models\profiles\Бережновка__ПРОФИЛЬ___61.xlsx,Бережновка,ПРОФИЛЬ___61,2000-07-13,2000-07-13,2000,,138А,91.26,91.26,0.0
results_models\profiles\Бережновка__ПРОФИЛЬ___61.xlsx,Бережновка,ПРОФИЛЬ___61,2001-07-15,2001-07-15,2001,,"Рп ""Белимова""*",84.69999999999999,41.41,43.29
results_models\profiles\Бережновка__ПРОФИЛЬ___61.xlsx,Бережновка,ПРОФИЛЬ___61,2005-07-22,2005-07-22,2005,,138А,53.9,53.9,0.0
results_models\profiles\Бережновка__ПРОФИЛЬ___61.xlsx,Бережновка,ПРОФИЛЬ___61,2005-10-15,2005-10-15,2005,,138А,52.25,52.25,0.0
results_models\profiles\Бережновка__ПРОФИЛЬ___61.xlsx,Бережновка,ПРОФИЛЬ___61,2006-07-22,2006-07-22,2006,,138А,48.55,48.55,0.0
results_models\profiles\Бережновка__ПРОФИЛЬ___61.xlsx,Бережновка,ПРОФИЛЬ___61,2006-09-30,2006-09-30,2006,,138А,48.19,48.19,48.19
results_models\profiles\Бережновка__ПРОФИЛЬ___61.xlsx,Бережновка,ПРОФИЛЬ___61,2009-07-20,2009-07-20,2009,,138А(0907),32.2,32.2,0.0
results_models\profiles\Бережновка__ПРОФИЛЬ___61.xlsx,Бережновка,ПРОФИЛЬ___61,2010-07-24,2010-07-24,2010,,138А(0907),29.91,29.91,0.0
results_models\profiles\Бережновка__ПРОФИЛЬ___61.xlsx,Бережновка,ПРОФИЛЬ___61,2011-09-14,2011-09-14,2011,,138А(0907),29.02,29.02,0.0
results_models\profiles\Бережновка__ПРОФИЛЬ___61.xlsx,Бережновка,ПРОФИЛЬ___61,2012-10-16,2012-10-16,2012,,138А(0907),27.9,27.9,0.0
results_models\profiles\Бережновка__ПРОФИЛЬ___61.xlsx,Бережновка,ПРОФИЛЬ___61,2013-07-09,2013-07-09,2013,,138А(0907),26.69,26.69,0.0
results_models\profiles\Бережновка__ПРОФИЛЬ___61.xlsx,Бережновка,ПРОФИЛЬ___61,2016-05-25,2016-05-25,2016,,138А(0907),18.54,18.54,0.0
results_models\profiles\Бережновка__ПРОФИЛЬ___61.xlsx,Бережновка,ПРОФИЛЬ___61,2019-08-14,2019-08-14,2019,,138А(0907),14.95,14.95,0.0
results_models\profiles\Бережновка__ПРОФИЛЬ___61.xlsx,Бережновка,ПРОФИЛЬ___61,2021-07-07,2021-07-07,2021,,138А(0907),7.679999999999993,92.57,-84.89
results_models\profiles\Бережновка__ПРОФИЛЬ___61.xlsx,Бережновка,ПРОФИЛЬ___61,2023-10-03,2023-10-03,2023,,138C,6.030000000000001,41.5,49.42
results_models\profiles\Бережновка__ПРОФИЛЬ___62.xlsx,Бережновка,ПРОФИЛЬ___62,1958-10-01,1958-10-01,1958,,140,428.8298156863984,134.3,
results_models\profiles\Бережновка__ПРОФИЛЬ___62.xlsx,Бережновка,ПРОФИЛЬ___62,1960-10-23,1960-10-23,1960,,140,403.7298156863984,109.2,
results_models\profiles\Бережновка__ПРОФИЛЬ___62.xlsx,Бережновка,ПРОФИЛЬ___62,1965-07-31,1965-07-31,1965,,140,366.5798156863984,72.05,
results_models\profiles\Бережновка__ПРОФИЛЬ___62.xlsx,Бережновка,ПРОФИЛЬ___62,1970-07-18,1970-07-18,1970,,140,343.2398156863983,48.71,
results_models\profiles\Бережновка__ПРОФИЛЬ___62.xlsx,Бережновка,ПРОФИЛЬ___62,1974-07-13,1974-07-13,1974,,139,326.6339500915917,7.1,
results_models\profiles\Бережновка__ПРОФИЛЬ___62.xlsx,Бережновка,ПРОФИЛЬ___62,1980-11-27,1980-11-27,1980,,140,313.9798156863984,19.45,
results_models\profiles\Бережновка__ПРОФИЛЬ___62.xlsx,Бережновка,ПРОФИЛЬ___62,1986-10-26,1986-10-26,1986,,5C,291.9556809546842,19.43,
results_models\profiles\Бережновка__ПРОФИЛЬ___62.xlsx,Бережновка,ПРОФИЛЬ___62,1991-10-18,1991-10-18,1991,,5C2,270.2921223979866,25.34,
results_models\profiles\Бережновка__ПРОФИЛЬ___62.xlsx,Бережновка,ПРОФИЛЬ___62,1994-10-21,1994-10-21,1994,,140А,248.5920469065332,9.59,
results_models\profiles\Бережновка__ПРОФИЛЬ___62.xlsx,Бережновка,ПРОФИЛЬ___62,2000-07-13,2000-07-13,2000,,140,216.7398156863984,-77.79,
results_models\profiles\Бережновка__ПРОФИЛЬ___62.xlsx,Бережновка,ПРОФИЛЬ___62,2001-07-15,2001-07-15,2001,,140А*,271.5020469065332,32.5,
results_models\profiles\Бережновка__ПРОФИЛЬ___62.xlsx,Бережновка,ПРОФИЛЬ___62,2005-07-22,2005-07-22,2005,,,,,
results_models\profiles\Бережновка__ПРОФИЛЬ___62.xlsx,Бережновка,ПРОФИЛЬ___62,2005-10-15,2005-10-15,2005,,140С*,180.445480408161,40.45,
results_models\profiles\Бережновка__ПРОФИЛЬ___62.xlsx,Бережновка,ПРОФИЛЬ___62,2006-07-22,2006-07-22,2006,,140С,175.84,35.85,139.99
results_models\profiles\Бережновка__ПРОФИЛЬ___62.xlsx,Бережновка,ПРОФИЛЬ___62,2006-09-30,2006-09-30,2006,,140С,175.79,35.8,139.99
results_models\profiles\Бережновка__ПРОФИЛЬ___62.xlsx,Бережновка,ПРОФИЛЬ___62,2009-07-20,2009-07-20,2009,,140С,146.9,6.91,139.99
results_models\profiles\Бережновка__ПРОФИЛЬ___62.xlsx,Бережновка,ПРОФИЛЬ___62,2010-07-24,2010-07-24,2010,,140С,144.63,4.64,139.99
results_models\profiles\Бережновка__ПРОФИЛЬ___62.xlsx,Бережновка,ПРОФИЛЬ___62,2011-09-14,2011-09-14,2011,,140С,143.99,4.0,139.99
results_models\profiles\Бережновка__ПРОФИЛЬ___62.xlsx,Бережновка,ПРОФИЛЬ___62,2012-10-16,2012-10-16,2012,,140С,143.25,3.26,139.99
results_models\profiles\Бережновка__ПРОФИЛЬ___62.xlsx,Бережновка,ПРОФИЛЬ___62,2013-07-09,2013-07-09,2013,,140D,137.2,137.2,0.0
results_models\profiles\Бережновка__ПРОФИЛЬ___62.xlsx,Бережновка,ПРОФИЛЬ___62,2016-05-25,2016-05-25,2016,,140D,125.15,125.15,0.0
results_models\profiles\Бережновка__ПРОФИЛЬ___62.xlsx,Бережновка,ПРОФИЛЬ___62,2019-08-14,2019-08-14,2019,,140D,121.8,121.8,0.0
results_models\profiles\Бережновка__ПРОФИЛЬ___62.xlsx,Бережновка,ПРОФИЛЬ___62,2021-07-07,2021-07-07,2021,,140D,120.32,120.32,0.0
results_models\profiles\Бережновка__ПРОФИЛЬ___62.xlsx,Бережновка,ПРОФИЛЬ___62,2023-10-03,2023-10-03,2023,,140F,118.89,64.01,54.88
results_models\profiles\Бурты__ПРОФИЛЬ___1.xlsx,Бурты,ПРОФИЛЬ___1,1987-06-30,1987-06-30,1987,,1а,82.85000000000001,1.3,81.55000000000001
results_models\profiles\Бурты__ПРОФИЛЬ___1.xlsx,Бурты,ПРОФИЛЬ___1,1990-05-28,1990-05-28,1990,,1а,82.16000000000001,0.61,81.55000000000001
results_models\profiles\Бурты__ПРОФИЛЬ___1.xlsx,Бурты,ПРОФИЛЬ___1,1995-07-19,1995-07-19,1995,,1,74.38,16.5,57.88
results_models\profiles\Бурты__ПРОФИЛЬ___1.xlsx,Бурты,ПРОФИЛЬ___1,2000-07-15,2000-07-15,2000,,1,70.12,12.24,57.88
results_models\profiles\Бурты__ПРОФИЛЬ___1.xlsx,Бурты,ПРОФИЛЬ___1,2001-07-10,2001-07-10,2001,,1,69.4,11.52,57.88
results_models\profiles\Бурты__ПРОФИЛЬ___1.xlsx,Бурты,ПРОФИЛЬ___1,2003-07-17,2003-07-17,2003,,1,66.38,8.5,57.88
results_models\profiles\Бурты__ПРОФИЛЬ___1.xlsx,Бурты,ПРОФИЛЬ___1,2004-07-21,2004-07-21,2004,,1,65.4,7.52,57.88
results_models\profiles\Бурты__ПРОФИЛЬ___1.xlsx,Бурты,ПРОФИЛЬ___1,2005-07-18,2005-07-18,2005,,1,65.17,7.29,57.88
results_models\profiles\Бурты__ПРОФИЛЬ___1.xlsx,Бурты,ПРОФИЛЬ___1,2006-07-28,2006-07-28,2006,,1,63.36,5.48,57.88
results_models\profiles\Бурты__ПРОФИЛЬ___1.xlsx,Бурты,ПРОФИЛЬ___1,2006-10-02,2006-10-02,2006,,1,63.27,5.39,57.88
results_models\profiles\Бурты__ПРОФИЛЬ___1.xlsx,Бурты,ПРОФИЛЬ___1,2008-11-22,2008-11-22,2008,,1,60.66,2.78,57.88
results_models\profiles\Бурты__ПРОФИЛЬ___1.xlsx,Бурты,ПРОФИЛЬ___1,2009-07-17,2009-07-17,2009,,1,60.78,2.9,57.88
results_models\profiles\Бурты__ПРОФИЛЬ___1.xlsx,Бурты,ПРОФИЛЬ___1,2009-10-01,2009-10-01,2009,,1,59.6,1.72,57.88
results_models\profiles\Бурты__ПРОФИЛЬ___1.xlsx,Бурты,ПРОФИЛЬ___1,2010-07-22,2010-07-22,2010,,10,59.54,59.54,0.0
results_models\profiles\Бурты__ПРОФИЛЬ___1.xlsx,Бурты,ПРОФИЛЬ___1,2011-07-13,2011-07-13,2011,,11,58.84,33.48,25.36
results_models\profiles\Бурты__ПРОФИЛЬ___1.xlsx,Бурты,ПРОФИЛЬ___1,2012-09-25,2012-09-25,2012,,11,58.64,33.28,25.36
results_models\profiles\Бурты__ПРОФИЛЬ___1.xlsx,Бурты,ПРОФИЛЬ___1,2013-07-12,2013-07-12,2013,,11,58.07,32.74,25.33
results_models\profiles\Бурты__ПРОФИЛЬ___1.xlsx,Бурты,ПРОФИЛЬ___1,2014-07-09,2014-07-09,2014,,11(1407),55.19,29.83,25.36
results_models\profiles\Бурты__ПРОФИЛЬ___1.xlsx,Бурты,ПРОФИЛЬ___1,2015-07-14,2015-07-14,2015,,11(1407),54.79,29.43,25.36
results_models\profiles\Бурты__ПРОФИЛЬ___1.xlsx,Бурты,ПРОФИЛЬ___1,2016-10-13,2016-10-13,2016,,11(1407),54.46,29.1,25.36
results_models\profiles\Бурты__ПРОФИЛЬ___1.xlsx,Бурты,ПРОФИЛЬ___1,2017-06-20,2017-06-20,2017,,11(1407),52.9,27.54,25.36
results_models\profiles\Бурты__ПРОФИЛЬ___1.xlsx,Бурты,ПРОФИЛЬ___1,2019-10-08,2019-10-08,2019,,11(1407),51.81,26.45,25.36
results_models\profiles\Бурты__ПРОФИЛЬ___1.xlsx,Бурты,ПРОФИЛЬ___1,2020-08-18,2020-08-18,2020,,11(1407),50.8,25.44,25.36
results_models\profiles\Бурты__ПРОФИЛЬ___1.xlsx,Бурты,ПРОФИЛЬ___1,2022-08-04,2022-08-04,2022,,11(1407),49.11,23.75,25.36
results_models\profiles\Бурты__ПРОФИЛЬ___1.xlsx,Бурты,ПРОФИЛЬ___1,2023-08-15,2023-08-15,2023,,11(1407),48.43,23.07,25.36
results_models\profiles\Бурты__ПРОФИЛЬ___2.xlsx,Бурты,ПРОФИЛЬ___2,1987-06-30,1987-06-30,1987,,2а,78.47999999999999,2.0,76.47999999999999
results_models\profiles\Бурты__ПРОФИЛЬ___2.xlsx,Бурты,ПРОФИЛЬ___2,1990-05-28,1990-05-28,1990,,2,76.03,22.55,53.48
results_models\profiles\Бурты__ПРОФИЛЬ___2.xlsx,Бурты,ПРОФИЛЬ___2,1995-07-19,1995-07-19,1995,,2,69.28,15.8,53.48
results_models\profiles\Бурты__ПРОФИЛЬ___2.xlsx,Бурты,ПРОФИЛЬ___2,2000-07-15,2000-07-15,2000,,2,64.91,11.43,53.48
results_models\profiles\Бурты__ПРОФИЛЬ___2.xlsx,Бурты,ПРОФИЛЬ___2,2001-07-10,2001-07-10,2001,,2,61.03,7.55,53.48
results_models\profiles\Бурты__ПРОФИЛЬ___2.xlsx,Бурты,ПРОФИЛЬ___2,2003-07-17,2003-07-17,2003,,2,58.38,4.9,53.48
results_models\profiles\Бурты__ПРОФИЛЬ___2.xlsx,Бурты,ПРОФИЛЬ___2,2004-07-21,2004-07-21,2004,,20,56.56,56.56,0.0
results_models\profiles\Бурты__ПРОФИЛЬ___2.xlsx,Бурты,ПРОФИЛЬ___2,2005-07-18,2005-07-18,2005,,20,56.01,56.01,0.0
results_models\profiles\Бурты__ПРОФИЛЬ___2.xlsx,Бурты,ПРОФИЛЬ___2,2006-07-28,2006-07-28,2006,,20,53.13,53.13,0.0
results_models\profiles\Бурты__ПРОФИЛЬ___2.xlsx,Бурты,ПРОФИЛЬ___2,2006-10-02,2006-10-02,2006,,21(нов.),53.41,19.79,33.62
results_models\profiles\Бурты__ПРОФИЛЬ___2.xlsx,Бурты,ПРОФИЛЬ___2,2008-11-22,2008-11-22,2008,,21(нов.),49.69,16.07,33.62
results_models\profiles\Бурты__ПРОФИЛЬ___2.xlsx,Бурты,ПРОФИЛЬ___2,2009-07-17,2009-07-17,2009,,21(нов.),49.02,15.4,33.62
results_models\profiles\Бурты__ПРОФИЛЬ___2.xlsx,Бурты,ПРОФИЛЬ___2,2009-10-01,2009-10-01,2009,,21 (нов.),48.62,15.0,33.62
results_models\profiles\Бурты__ПРОФИЛЬ___2.xlsx,Бурты,ПРОФИЛЬ___2,2010-07-22,2010-07-22,2010,,21 (нов.),48.3,14.68,33.62
results_models\profiles\Бурты__ПРОФИЛЬ___2.xlsx,Бурты,ПРОФИЛЬ___2,2011-07-13,2011-07-13,2011,,21 (нов.),48.22,14.6,33.62
results_models\profiles\Бурты__ПРОФИЛЬ___2.xlsx,Бурты,ПРОФИЛЬ___2,2012-09-25,2012-09-25,2012,,21 (нов.),48.22,14.6,33.62
results_models\profiles\Бурты__ПРОФИЛЬ___2.xlsx,Бурты,ПРОФИЛЬ___2,2013-07-12,2013-07-12,2013,,21 (нов.),47.34,13.72,33.62
results_models\profiles\Бурты__ПРОФИЛЬ___2.xlsx,Бурты,ПРОФИЛЬ___2,2014-07-09,2014-07-09,2014,,21 (нов.),44.86,11.24,33.62
results_models\profiles\Бурты__ПРОФИЛЬ___2.xlsx,Бурты,ПРОФИЛЬ___2,2015-07-14,2015-07-14,2015,,21 (нов.),44.42,10.8,33.62
results_models\profiles\Бурты__ПРОФИЛЬ___2.xlsx,Бурты,ПРОФИЛЬ___2,2016-10-13,2016-10-13,2016,,21 (нов.),43.63,10.01,33.62
results_models\profiles\Бурты__ПРОФИЛЬ___2.xlsx,Бурты,ПРОФИЛЬ___2,2017-06-20,2017-06-20,2017,,21 (нов.),41.41,7.79,33.62
results_models\profiles\Бурты__ПРОФИЛЬ___2.xlsx,Бурты,ПРОФИЛЬ___2,2019-10-08,2019-10-08,2019,,21 (нов.),40.38,6.76,33.62
results_models\profiles\Бурты__ПРОФИЛЬ___2.xlsx,Бурты,ПРОФИЛЬ___2,2020-08-18,2020-08-18,2020,,21 (нов.),39.12,5.5,33.62
results_models\profiles\Бурты__ПРОФИЛЬ___2.xlsx,Бурты,ПРОФИЛЬ___2,2022-08-04,2022-08-04,2022,,21 (нов.),38.14,4.52,33.62
results_models\profiles\Бурты__ПРОФИЛЬ___2.xlsx,Бурты,ПРОФИЛЬ___2,2023-08-15,2023-08-15,2023,,21 (нов.),37.12,3.5,33.62
results_models\profiles\Бурты__ПРОФИЛЬ___3.xlsx,Бурты,ПРОФИЛЬ___3,1987-06-30,1987-06-30,1987,,3а,76.2,2.2,74.0
results_models\profiles\Бурты__ПРОФИЛЬ___3.xlsx,Бурты,ПРОФИЛЬ___3,1990-05-28,1990-05-28,1990,,3,72.74000000000001,17.54,55.2
results_models\profiles\Бурты__ПРОФИЛЬ___3.xlsx,Бурты,ПРОФИЛЬ___3,1995-07-19,1995-07-19,1995,,3,63.37,8.17,55.2
results_models\profiles\Бурты__ПРОФИЛЬ___3.xlsx,Бурты,ПРОФИЛЬ___3,2000-07-15,2000-07-15,2000,,3,57.77,2.57,55.2
results_models\profiles\Бурты__ПРОФИЛЬ___3.xlsx,Бурты,ПРОФИЛЬ___3,2001-07-10,2001-07-10,2001,,3,56.15000000000001,0.95,55.2
results_models\profiles\Бурты__ПРОФИЛЬ___3.xlsx,Бурты,ПРОФИЛЬ___3,2003-07-17,2003-07-17,2003,,30,53.4,53.4,0.0
results_models\profiles\Бурты__ПРОФИЛЬ___3.xlsx,Бурты,ПРОФИЛЬ___3,2004-07-21,2004-07-21,2004,,30,51.28,51.28,0.0
results_models\profiles\Бурты__ПРОФИЛЬ___3.xlsx,Бурты,ПРОФИЛЬ___3,2005-07-18,2005-07-18,2005,,31,50.92,50.92,0.0
results_models\profiles\Бурты__ПРОФИЛЬ___3.xlsx,Бурты,ПРОФИЛЬ___3,2006-07-28,2006-07-28,2006,,31,49.33,49.33,0.0
results_models\profiles\Бурты__ПРОФИЛЬ___3.xlsx,Бурты,ПРОФИЛЬ___3,2006-10-02,2006-10-02,2006,,31,49.37,49.37,0.0
results_models\profiles\Бурты__ПРОФИЛЬ___3.xlsx,Бурты,ПРОФИЛЬ___3,2008-11-22,2008-11-22,2008,,31,46.57,46.57,0.0
results_models\profiles\Бурты__ПРОФИЛЬ___3.xlsx,Бурты,ПРОФИЛЬ___3,2009-07-17,2009-07-17,2009,,31,46.6,46.6,0.0
results_models\profiles\Бурты__ПРОФИЛЬ___3.xlsx,Бурты,ПРОФИЛЬ___3,2009-10-01,2009-10-01,2009,,31,46.0,46.0,0.0
results_models\profiles\Бурты__ПРОФИЛЬ___3.xlsx,Бурты,ПРОФИЛЬ___3,2010-07-22,2010-07-22,2010,,31,44.72,44.72,0.0
results_models\profiles\Бурты__ПРОФИЛЬ___3.xlsx,Бурты,ПРОФИЛЬ___3,2011-07-13,2011-07-13,2011,,31,44.7,44.7,0.0
results_models\profiles\Бурты__ПРОФИЛЬ___3.xlsx,Бурты,ПРОФИЛЬ___3,2012-09-25,2012-09-25,2012,,31,44.03,44.03,0.0
results_models\profiles\Бурты__ПРОФИЛЬ___3.xlsx,Бурты,ПРОФИЛЬ___3,2013-07-12,2013-07-12,2013,,31,44.0,44.0,0.0
results_models\profiles\Бурты__ПРОФИЛЬ___3.xlsx,Бурты,ПРОФИЛЬ___3,2014-07-09,2014-07-09,2014,,31,43.76,43.76,0.0
results_models\profiles\Бурты__ПРОФИЛЬ___3.xlsx,Бурты,ПРОФИЛЬ___3,2015-07-14,2015-07-14,2015,,31,43.69,43.69,0.0
results_models\profiles\Бурты__ПРОФИЛЬ___3.xlsx,Бурты,ПРОФИЛЬ___3,2016-10-13,2016-10-13,2016,,*,,,
results_models\profiles\Бурты__ПРОФИЛЬ___3.xlsx,Бурты,ПРОФИЛЬ___3,2017-06-20,2017-06-20,2017,,31,43.54,43.54,0.0
results_models\profiles\Бурты__ПРОФИЛЬ___3.xlsx,Бурты,ПРОФИЛЬ___3,2019-10-08,2019-10-08,2019,,31,43.3,43.3,0.0
results_models\profiles\Бурты__ПРОФИЛЬ___3.xlsx,Бурты,ПРОФИЛЬ___3,2020-08-18,2020-08-18,2020,,31,43.46,43.46,0.0
results_models\profiles\Бурты__ПРОФИЛЬ___3.xlsx,Бурты,ПРОФИЛЬ___3,2022-08-04,2022-08-04,2022,,31,43.42,43.42,0.0
results_models\profiles\Бурты__ПРОФИЛЬ___3.xlsx,Бурты,ПРОФИЛЬ___3,2023-08-15,2023-08-15,2023,,31,43.1,43.1,0.0
results_models\profiles\Молчановка__ПРОФИЛЬ___57.xlsx,Молчановка,ПРОФИЛЬ___57,1958-09-30,1958-09-30,1958,,130,139.8,398.0,-258.2
results_models\profiles\Молчановка__ПРОФИЛЬ___57.xlsx,Молчановка,ПРОФИЛЬ___57,1960-10-22,1960-10-22,1960,,129,135.1,135.1,0.0
results_models\profiles\Молчановка__ПРОФИЛЬ___57.xlsx,Молчановка,ПРОФИЛЬ___57,1965-07-29,1965-07-29,1965,,129,110.0,110.0,0.0
results_models\profiles\Молчановка__ПРОФИЛЬ___57.xlsx,Молчановка,ПРОФИЛЬ___57,1970-07-17,1970-07-17,1970,,129,92.74,92.74,0.0
results_models\profiles\Молчановка__ПРОФИЛЬ___57.xlsx,Молчановка,ПРОФИЛЬ___57,1974-07-16,1974-07-16,1974,,129,86.0,86.0,0.0
results_models\profiles\Молчановка__ПРОФИЛЬ___57.xlsx,Молчановка,ПРОФИЛЬ___57,1980-11-27,1980-11-27,1980,,шт. 1,81.80000000000001,8.4,73.4
results_models\profiles\Молчановка__ПРОФИЛЬ___57.xlsx,Молчановка,ПРОФИЛЬ___57,1986-10-27,1986-10-27,1986,,129,73.2,73.2,0.0
results_models\profiles\Молчановка__ПРОФИЛЬ___57.xlsx,Молчановка,ПРОФИЛЬ___57,1989-05-21,1989-05-21,1989,,129,71.65,71.65,0.0
results_models\profiles\Молчановка__ПРОФИЛЬ___57.xlsx,Молчановка,ПРОФИЛЬ___57,1994-10-24,1994-10-24,1994,,129,68.29,68.29,0.0
results_models\profiles\Молчановка__ПРОФИЛЬ___57.xlsx,Молчановка,ПРОФИЛЬ___57,2003-07-23,2003-07-23,2003,,129,66.36,66.36,0.0
results_models\profiles\Молчановка__ПРОФИЛЬ___57.xlsx,Молчановка,ПРОФИЛЬ___57,2004-07-27,2004-07-27,2004,,129*,66.01,66.01,0.0
results_models\profiles\Молчановка__ПРОФИЛЬ___57.xlsx,Молчановка,ПРОФИЛЬ___57,2006-07-23,2006-07-23,2006,,129*,65.3,65.3,0.0
results_models\profiles\Молчановка__ПРОФИЛЬ___57.xlsx,Молчановка,ПРОФИЛЬ___57,2006-09-30,2006-09-30,2006,,129,65.67,65.67,0.0
results_models\profiles\Молчановка__ПРОФИЛЬ___57.xlsx,Молчановка,ПРОФИЛЬ___57,2009-07-19,2009-07-19,2009,,129,65.27,65.27,0.0
results_models\profiles\Молчановка__ПРОФИЛЬ___57.xlsx,Молчановка,ПРОФИЛЬ___57,2010-07-24,2010-07-24,2010,,129,65.21,65.21,0.0
results_models\profiles\Молчановка__ПРОФИЛЬ___57.xlsx,Молчановка,ПРОФИЛЬ___57,2012-10-15,2012-10-15,2012,,129,61.99,61.99,0.0
results_models\profiles\Молчановка__ПРОФИЛЬ___57.xlsx,Молчановка,ПРОФИЛЬ___57,2013-07-10,2013-07-10,2013,,129,62.95,62.95,0.0
results_models\profiles\Молчановка__ПРОФИЛЬ___57.xlsx,Молчановка,ПРОФИЛЬ___57,2014-07-11,2014-07-11,2014,,129,63.42,63.42,0.0
results_models\profiles\Молчановка__ПРОФИЛЬ___57.xlsx,Молчановка,ПРОФИЛЬ___57,2015-07-15,2015-07-15,2015,,129,62.48,62.48,0.0
results_models\profiles\Молчановка__ПРОФИЛЬ___57.xlsx,Молчановка,ПРОФИЛЬ___57,2016-05-25,2016-05-25,2016,,129,60.11,60.11,0.0
results_models\profiles\Молчановка__ПРОФИЛЬ___57.xlsx,Молчановка,ПРОФИЛЬ___57,2016-09-17,2016-09-17,2016,,129,59.9,59.9,0.0
results_models\profiles\Молчановка__ПРОФИЛЬ___57.xlsx,Молчановка,ПРОФИЛЬ___57,2019-08-14,2019-08-14,2019,,129,56.0,56.0,0.0
results_models\profiles\Молчановка__ПРОФИЛЬ___57.xlsx,Молчановка,ПРОФИЛЬ___57,2021-07-07,2021-07-07,2021,,129,52.51,52.51,0.0
results_models\profiles\Молчановка__ПРОФИЛЬ___57.xlsx,Молчановка,ПРОФИЛЬ___57,2022-08-03,2022-08-03,2022,,129,52.6,52.6,0.0
results_models\profiles\Молчановка__ПРОФИЛЬ___58.xlsx,Молчановка,ПРОФИЛЬ___58,1958-09-30,1958-09-30,1958,,132,162.2,338.0,-175.8
results_models\profiles\Молчановка__ПРОФИЛЬ___58.xlsx,Молчановка,ПРОФИЛЬ___58,1960-10-22,1960-10-22,1960,,132,155.2,331.0,-175.8
results_models\profiles\Молчановка__ПРОФИЛЬ___58.xlsx,Молчановка,ПРОФИЛЬ___58,1965-07-29,1965-07-29,1965,,132,135.0,310.8,-175.8
results_models\profiles\Молчановка__ПРОФИЛЬ___58.xlsx,Молчановка,ПРОФИЛЬ___58,1970-07-17,1970-07-17,1970,,132,117.39,293.19,-175.8
results_models\profiles\Молчановка__ПРОФИЛЬ___58.xlsx,Молчановка,ПРОФИЛЬ___58,1974-07-16,1974-07-16,1974,,132,109.2,285.0,-175.8
results_models\profiles\Молчановка__ПРОФИЛЬ___58.xlsx,Молчановка,ПРОФИЛЬ___58,1980-11-27,1980-11-27,1980,,шт. 2,97.7,8.3,89.4
results_models\profiles\Молчановка__ПРОФИЛЬ___58.xlsx,Молчановка,ПРОФИЛЬ___58,1986-10-27,1986-10-27,1986,,шт. 2,92.5,3.1,89.4
results_models\profiles\Молчановка__ПРОФИЛЬ___58.xlsx,Молчановка,ПРОФИЛЬ___58,1989-05-21,1989-05-21,1989,,131,89.35,89.35,0.0
results_models\profiles\Молчановка__ПРОФИЛЬ___58.xlsx,Молчановка,ПРОФИЛЬ___58,1994-10-24,1994-10-24,1994,,131,83.1,83.1,0.0
results_models\profiles\Молчановка__ПРОФИЛЬ___58.xlsx,Молчановка,ПРОФИЛЬ___58,2003-07-23,2003-07-23,2003,,131,72.65,72.65,0.0
results_models\profiles\Молчановка__ПРОФИЛЬ___58.xlsx,Молчановка,ПРОФИЛЬ___58,2004-07-27,2004-07-27,2004,,131*,71.55,71.55,0.0
results_models\profiles\Молчановка__ПРОФИЛЬ___58.xlsx,Молчановка,ПРОФИЛЬ___58,2006-07-23,2006-07-23,2006,,131*,67.95,67.95,0.0
results_models\profiles\Молчановка__ПРОФИЛЬ___58.xlsx,Молчановка,ПРОФИЛЬ___58,2006-09-30,2006-09-30,2006,,131,67.79,67.79,0.0
results_models\profiles\Молчановка__ПРОФИЛЬ___58.xlsx,Молчановка,ПРОФИЛЬ___58,2009-07-19,2009-07-19,2009,,131,65.2,65.2,0.0
results_models\profiles\Молчановка__ПРОФИЛЬ___58.xlsx,Молчановка,ПРОФИЛЬ___58,2010-07-24,2010-07-24,2010,,131,64.96,64.96,0.0
results_models\profiles\Молчановка__ПРОФИЛЬ___58.xlsx,Молчановка,ПРОФИЛЬ___58,2012-10-15,2012-10-15,2012,,131,63.29,63.29,0.0
results_models\profiles\Молчановка__ПРОФИЛЬ___58.xlsx,Молчановка,ПРОФИЛЬ___58,2013-07-10,2013-07-10,2013,,131,62.08,62.08,0.0
results_models\profiles\Молчановка__ПРОФИЛЬ___58.xlsx,Молчановка,ПРОФИЛЬ___58,2014-07-11,2014-07-11,2014,,131,62.06,62.06,0.0
results_models\profiles\Молчановка__ПРОФИЛЬ___58.xlsx,Молчановка,ПРОФИЛЬ___58,2015-07-15,2015-07-15,2015,,131,61.92,61.92,0.0
results_models\profiles\Молчановка__ПРОФИЛЬ___58.xlsx,Молчановка,ПРОФИЛЬ___58,2016-05-25,2016-05-25,2016,,131,59.69,59.69,0.0
results_models\profiles\Молчановка__ПРОФИЛЬ___58.xlsx,Молчановка,ПРОФИЛЬ___58,2016-09-17,2016-09-17,2016,,131,59.7,59.7,0.0
results_models\profiles\Молчановка__ПРОФИЛЬ___58.xlsx,Молчановка,ПРОФИЛЬ___58,2019-08-14,2019-08-14,2019,,131,54.84,54.84,0.0
results_models\profiles\Молчановка__ПРОФИЛЬ___58.xlsx,Молчановка,ПРОФИЛЬ___58,2021-07-07,2021-07-07,2021,,131,53.4,53.4,0.0
results_models\profiles\Молчановка__ПРОФИЛЬ___58.xlsx,Молчановка,ПРОФИЛЬ___58,2022-08-03,2022-08-03,2022,,131,49.87,49.87,0.0
results_models\profiles\Молчановка__ПРОФИЛЬ___59.xlsx,Молчановка,ПРОФИЛЬ___59,1958-09-30,1958-09-30,1958,,134,191.0,356.4,-165.4
results_models\profiles\Молчановка__ПРОФИЛЬ___59.xlsx,Молчановка,ПРОФИЛЬ___59,1960-10-22,1960-10-22,1960,,133,183.3,183.3,0.0
results_models\profiles\Молчановка__ПРОФИЛЬ___59.xlsx,Молчановка,ПРОФИЛЬ___59,1965-07-29,1965-07-29,1965,,133,164.0,164.0,0.0
results_models\profiles\Молчановка__ПРОФИЛЬ___59.xlsx,Молчановка,ПРОФИЛЬ___59,1970-07-17,1970-07-17,1970,,133,143.83,143.83,0.0
results_models\profiles\Молчановка__ПРОФИЛЬ___59.xlsx,Молчановка,ПРОФИЛЬ___59,1974-07-16,1974-07-16,1974,,133,133.0,133.0,0.0
results_models\profiles\Молчановка__ПРОФИЛЬ___59.xlsx,Молчановка,ПРОФИЛЬ___59,1980-11-27,1980-11-27,1980,,шт. 3,123.32,21.3,102.02
results_models\profiles\Молчановка__ПРОФИЛЬ___59.xlsx,Молчановка,ПРОФИЛЬ___59,1986-10-27,1986-10-27,1986,,шт. 3,115.92,13.9,102.02
results_models\profiles\Молчановка__ПРОФИЛЬ___59.xlsx,Молчановка,ПРОФИЛЬ___59,1989-05-21,1989-05-21,1989,,шт. 3,113.92,11.9,102.02
results_models\profiles\Молчановка__ПРОФИЛЬ___59.xlsx,Молчановка,ПРОФИЛЬ___59,1994-10-24,1994-10-24,1994,,шт. 3,106.17,4.15,102.02
results_models\profiles\Молчановка__ПРОФИЛЬ___59.xlsx,Молчановка,ПРОФИЛЬ___59,2003-07-23,2003-07-23,2003,,133,95.59,95.59,0.0
results_models\profiles\Молчановка__ПРОФИЛЬ___59.xlsx,Молчановка,ПРОФИЛЬ___59,2004-07-27,2004-07-27,2004,,133*,94.08,94.08,0.0
results_models\profiles\Молчановка__ПРОФИЛЬ___59.xlsx,Молчановка,ПРОФИЛЬ___59,2006-07-23,2006-07-23,2006,,,,,
results_models\profiles\Молчановка__ПРОФИЛЬ___59.xlsx,Молчановка,ПРОФИЛЬ___59,2006-09-30,2006-09-30,2006,,133,90.6,90.6,0.0
results_models\profiles\Молчановка__ПРОФИЛЬ___59.xlsx,Молчановка,ПРОФИЛЬ___59,2009-07-19,2009-07-19,2009,,133,89.1,89.1,0.0
results_models\profiles\Молчановка__ПРОФИЛЬ___59.xlsx,Молчановка,ПРОФИЛЬ___59,2010-07-24,2010-07-24,2010,,133,88.01,88.01,0.0
results_models\profiles\Молчановка__ПРОФИЛЬ___59.xlsx,Молчановка,ПРОФИЛЬ___59,2012-10-15,2012-10-15,2012,,133,86.49,86.49,0.0
results_models\profiles\Молчановка__ПРОФИЛЬ___59.xlsx,Молчановка,ПРОФИЛЬ___59,2013-07-10,2013-07-10,2013,,133,86.46,86.46,0.0
results_models\profiles\Молчановка__ПРОФИЛЬ___59.xlsx,Молчановка,ПРОФИЛЬ___59,2014-07-11,2014-07-11,2014,,133,86.36,86.36,0.0
results_models\profiles\Молчановка__ПРОФИЛЬ___59.xlsx,Молчановка,ПРОФИЛЬ___59,2015-07-15,2015-07-15,2015,,133,86.12,86.12,0.0
results_models\profiles\Молчановка__ПРОФИЛЬ___59.xlsx,Молчановка,ПРОФИЛЬ___59,2016-05-25,2016-05-25,2016,,133,86.09,86.09,0.0
results_models\profiles\Молчановка__ПРОФИЛЬ___59.xlsx,Молчановка,ПРОФИЛЬ___59,2016-09-17,2016-09-17,2016,,133,86.04,86.04,0.0
results_models\profiles\Молчановка__ПРОФИЛЬ___59.xlsx,Молчановка,ПРОФИЛЬ___59,2019-08-14,2019-08-14,2019,,133,84.0,84.0,0.0
results_models\profiles\Молчановка__ПРОФИЛЬ___59.xlsx,Молчановка,ПРОФИЛЬ___59,2021-07-07,2021-07-07,2021,,133,81.77,81.77,0.0
results_models\profiles\Молчановка__ПРОФИЛЬ___59.xlsx,Молчановка,ПРОФИЛЬ___59,2022-08-03,2022-08-03,2022,,133,81.0,81.0,0.0
results_models\profiles\Нижний_Балыклей__ПРОФИЛЬ___52.xlsx,Нижний_Балыклей,ПРОФИЛЬ___52,1958-09-28,1958-09-28,1958,,124,254.74,158.0,96.74
results_models\profiles\Нижний_Балыклей__ПРОФИЛЬ___52.xlsx,Нижний_Балыклей,ПРОФИЛЬ___52,1960-10-22,1960-10-22,1960,,124,246.34,149.6,96.74
results_models\profiles\Нижний_Балыклей__ПРОФИЛЬ___52.xlsx,Нижний_Балыклей,ПРОФИЛЬ___52,1965-07-27,1965-07-27,1965,,124,218.54,121.8,96.74
results_models\profiles\Нижний_Балыклей__ПРОФИЛЬ___52.xlsx,Нижний_Балыклей,ПРОФИЛЬ___52,1970-07-15,1970-07-15,1970,,124,192.74,96.0,96.74
results_models\profiles\Нижний_Балыклей__ПРОФИЛЬ___52.xlsx,Нижний_Балыклей,ПРОФИЛЬ___52,1974-07-17,1974-07-17,1974,,124,169.74,73.0,96.74
results_models\profiles\Нижний_Балыклей__ПРОФИЛЬ___52.xlsx,Нижний_Балыклей,ПРОФИЛЬ___52,1980-11-13,1980-11-13,1980,,шт. 7407,145.16,16.6,128.56
results_models\profiles\Нижний_Балыклей__ПРОФИЛЬ___52.xlsx,Нижний_Балыклей,ПРОФИЛЬ___52,1986-10-30,1986-10-30,1986,,124,123.84,27.1,96.74
results_models\profiles\Нижний_Балыклей__ПРОФИЛЬ___52.xlsx,Нижний_Балыклей,ПРОФИЛЬ___52,1991-10-17,1991-10-17,1991,,124,102.14,5.4,96.74
results_models\profiles\Нижний_Балыклей__ПРОФИЛЬ___52.xlsx,Нижний_Балыклей,ПРОФИЛЬ___52,1995-07-18,1995-07-18,1995,,124В,82.11,14.2,67.91
results_models\profiles\Нижний_Балыклей__ПРОФИЛЬ___52.xlsx,Нижний_Балыклей,ПРОФИЛЬ___52,1999-07-02,1999-07-02,1999,,124,74.42999999999999,-22.31,96.74
results_models\profiles\Нижний_Балыклей__ПРОФИЛЬ___52.xlsx,Нижний_Балыклей,ПРОФИЛЬ___52,2000-07-07,2000-07-07,2000,,124D,62.7,27.28,35.42
results_models\profiles\Нижний_Балыклей__ПРОФИЛЬ___52.xlsx,Нижний_Балыклей,ПРОФИЛЬ___52,2001-07-07,2001-07-07,2001,,,,,
results_models\profiles\Нижний_Балыклей__ПРОФИЛЬ___52.xlsx,Нижний_Балыклей,ПРОФИЛЬ___52,2005-10-11,2005-10-11,2005,,124D,43.82,8.4,35.42
results_models\profiles\Нижний_Балыклей__ПРОФИЛЬ___52.xlsx,Нижний_Балыклей,ПРОФИЛЬ___52,2006-07-19,2006-07-19,2006,,124D,40.52,5.1,35.42
results_models\profiles\Нижний_Балыклей__ПРОФИЛЬ___52.xlsx,Нижний_Балыклей,ПРОФИЛЬ___52,2006-10-03,2006-10-03,2006,,124D,39.01000000000001,3.59,35.42
results_models\profiles\Нижний_Балыклей__ПРОФИЛЬ___52.xlsx,Нижний_Балыклей,ПРОФИЛЬ___52,2009-07-17,2009-07-17,2009,,124F,29.85,29.85,0.0
results_models\profiles\Нижний_Балыклей__ПРОФИЛЬ___52.xlsx,Нижний_Балыклей,ПРОФИЛЬ___52,2010-07-22,2010-07-22,2010,,124F,27.56,27.56,0.0
results_models\profiles\Нижний_Балыклей__ПРОФИЛЬ___52.xlsx,Нижний_Балыклей,ПРОФИЛЬ___52,2011-09-13,2011-09-13,2011,,124F,26.38,26.38,0.0
results_models\profiles\Нижний_Балыклей__ПРОФИЛЬ___52.xlsx,Нижний_Балыклей,ПРОФИЛЬ___52,2012-09-25,2012-09-25,2012,,124F,25.7,25.7,0.0
results_models\profiles\Нижний_Балыклей__ПРОФИЛЬ___52.xlsx,Нижний_Балыклей,ПРОФИЛЬ___52,2013-07-12,2013-07-12,2013,,124F,24.33,24.33,0.0
results_models\profiles\Нижний_Балыклей__ПРОФИЛЬ___52.xlsx,Нижний_Балыклей,ПРОФИЛЬ___52,2015-07-14,2015-07-14,2015,,*,22.1,22.1,0.0
results_models\profiles\Нижний_Балыклей__ПРОФИЛЬ___52.xlsx,Нижний_Балыклей,ПРОФИЛЬ___52,2016-05-26,2016-05-26,2016,,*,19.92,19.92,0.0
results_models\profiles\Нижний_Балыклей__ПРОФИЛЬ___52.xlsx,Нижний_Балыклей,ПРОФИЛЬ___52,2021-07-08,2021-07-08,2021,,*,,,
results_models\profiles\Нижний_Балыклей__ПРОФИЛЬ___52.xlsx,Нижний_Балыклей,ПРОФИЛЬ___52,2022-10-12,2022-10-12,2022,,*,,,
results_models\profiles\Нижний_Балыклей__ПРОФИЛЬ___52.xlsx,Нижний_Балыклей,ПРОФИЛЬ___52,2024-07-16,2024-07-16,2024,,*,,,
results_models\profiles\Нижний_Балыклей__ПРОФИЛЬ___53.xlsx,Нижний_Балыклей,ПРОФИЛЬ___53,1958-09-28,1958-09-28,1958,,126,271.83,164.0,107.83
results_models\profiles\Нижний_Балыклей__ПРОФИЛЬ___53.xlsx,Нижний_Балыклей,ПРОФИЛЬ___53,1960-10-22,1960-10-22,1960,,126,263.73,155.9,107.83
results_models\profiles\Нижний_Балыклей__ПРОФИЛЬ___53.xlsx,Нижний_Балыклей,ПРОФИЛЬ___53,1965-07-27,1965-07-27,1965,,126,238.43,130.6,107.83
results_models\profiles\Нижний_Балыклей__ПРОФИЛЬ___53.xlsx,Нижний_Балыклей,ПРОФИЛЬ___53,1970-07-15,1970-07-15,1970,,126,212.03,104.2,107.83
results_models\profiles\Нижний_Балыклей__ПРОФИЛЬ___53.xlsx,Нижний_Балыклей,ПРОФИЛЬ___53,1974-07-17,1974-07-17,1974,,126,193.43,85.6,107.83
results_models\profiles\Нижний_Балыклей__ПРОФИЛЬ___53.xlsx,Нижний_Балыклей,ПРОФИЛЬ___53,1980-11-13,1980-11-13,1980,,126,163.93,56.1,107.83
results_models\profiles\Нижний_Балыклей__ПРОФИЛЬ___53.xlsx,Нижний_Балыклей,ПРОФИЛЬ___53,1986-10-30,1986-10-30,1986,,126,141.48,33.65,107.83
results_models\profiles\Нижний_Балыклей__ПРОФИЛЬ___53.xlsx,Нижний_Балыклей,ПРОФИЛЬ___53,1991-10-17,1991-10-17,1991,,126,120.46,12.63,107.83
results_models\profiles\Нижний_Балыклей__ПРОФИЛЬ___53.xlsx,Нижний_Балыклей,ПРОФИЛЬ___53,1995-07-18,1995-07-18,1995,,126В,104.04,104.04,0.0
results_models\profiles\Нижний_Балыклей__ПРОФИЛЬ___53.xlsx,Нижний_Балыклей,ПРОФИЛЬ___53,1999-07-02,1999-07-02,1999,,126В,90.13,90.13,0.0
results_models\profiles\Нижний_Балыклей__ПРОФИЛЬ___53.xlsx,Нижний_Балыклей,ПРОФИЛЬ___53,2000-07-07,2000-07-07,2000,,126С,85.3,189.44,-104.14
results_models\profiles\Нижний_Балыклей__ПРОФИЛЬ___53.xlsx,Нижний_Балыклей,ПРОФИЛЬ___53,2001-07-07,2001-07-07,2001,,,,,
results_models\profiles\Нижний_Балыклей__ПРОФИЛЬ___53.xlsx,Нижний_Балыклей,ПРОФИЛЬ___53,2005-10-11,2005-10-11,2005,,126В,67.43,67.43,0.0
results_models\profiles\Нижний_Балыклей__ПРОФИЛЬ___53.xlsx,Нижний_Балыклей,ПРОФИЛЬ___53,2006-07-19,2006-07-19,2006,,126В,64.67,64.67,0.0
results_models\profiles\Нижний_Балыклей__ПРОФИЛЬ___53.xlsx,Нижний_Балыклей,ПРОФИЛЬ___53,2006-10-03,2006-10-03,2006,,126В,61.92,61.92,0.0
results_models\profiles\Нижний_Балыклей__ПРОФИЛЬ___53.xlsx,Нижний_Балыклей,ПРОФИЛЬ___53,2009-07-17,2009-07-17,2009,,126В*,50.7,50.7,0.0
results_models\profiles\Нижний_Балыклей__ПРОФИЛЬ___53.xlsx,Нижний_Балыклей,ПРОФИЛЬ___53,2010-07-22,2010-07-22,2010,,126В(1007),49.66,49.66,0.0
results_models\profiles\Нижний_Балыклей__ПРОФИЛЬ___53.xlsx,Нижний_Балыклей,ПРОФИЛЬ___53,2011-09-13,2011-09-13,2011,,126D(1007),49.38,177.51,-128.13
results_models\profiles\Нижний_Балыклей__ПРОФИЛЬ___53.xlsx,Нижний_Балыклей,ПРОФИЛЬ___53,2012-09-25,2012-09-25,2012,,,,,
results_models\profiles\Нижний_Балыклей__ПРОФИЛЬ___53.xlsx,Нижний_Балыклей,ПРОФИЛЬ___53,2013-07-12,2013-07-12,2013,,126 D дер.кол,45.86000000000001,173.99,-128.13
results_models\profiles\Нижний_Балыклей__ПРОФИЛЬ___53.xlsx,Нижний_Балыклей,ПРОФИЛЬ___53,2015-07-14,2015-07-14,2015,,126Е(1107),54.63,229.35,-174.72
results_models\profiles\Нижний_Балыклей__ПРОФИЛЬ___53.xlsx,Нижний_Балыклей,ПРОФИЛЬ___53,2016-05-26,2016-05-26,2016,,126Е(1107),42.0,216.72,-174.72
results_models\profiles\Нижний_Балыклей__ПРОФИЛЬ___53.xlsx,Нижний_Балыклей,ПРОФИЛЬ___53,2021-07-08,2021-07-08,2021,,126F(1107),28.33000000000001,239.22,-210.89
results_models\profiles\Нижний_Балыклей__ПРОФИЛЬ___53.xlsx,Нижний_Балыклей,ПРОФИЛЬ___53,2022-10-12,2022-10-12,2022,,126Е(1107),25.28999999999999,200.01,-174.72
results_models\profiles\Нижний_Балыклей__ПРОФИЛЬ___53.xlsx,Нижний_Балыклей,ПРОФИЛЬ___53,2024-07-16,2024-07-16,2024,,126Е(1107),23.03999999999999,197.76,-174.72
results_models\profiles\Нижний_Балыклей__ПРОФИЛЬ___54.xlsx,Нижний_Балыклей,ПРОФИЛЬ___54,1958-09-28,1958-09-28,1958,,128,340.85,142.0,198.85
results_models\profiles\Нижний_Балыклей__ПРОФИЛЬ___54.xlsx,Нижний_Балыклей,ПРОФИЛЬ___54,1960-10-22,1960-10-22,1960,,128,328.45,129.6,198.85
results_models\profiles\Нижний_Балыклей__ПРОФИЛЬ___54.xlsx,Нижний_Балыклей,ПРОФИЛЬ___54,1965-07-27,1965-07-27,1965,,128,304.15,105.3,198.85
results_models\profiles\Нижний_Балыклей__ПРОФИЛЬ___54.xlsx,Нижний_Балыклей,ПРОФИЛЬ___54,1970-07-15,1970-07-15,1970,,128,280.05,81.2,198.85
results_models\profiles\Нижний_Балыклей__ПРОФИЛЬ___54.xlsx,Нижний_Балыклей,ПРОФИЛЬ___54,1974-07-17,1974-07-17,1974,,128,260.95,62.1,198.85
results_models\profiles\Нижний_Балыклей__ПРОФИЛЬ___54.xlsx,Нижний_Балыклей,ПРОФИЛЬ___54,1980-11-13,1980-11-13,1980,,128,239.52,40.67,198.85
results_models\profiles\Нижний_Балыклей__ПРОФИЛЬ___54.xlsx,Нижний_Балыклей,ПРОФИЛЬ___54,1986-10-30,1986-10-30,1986,,128,215.15,16.3,198.85
results_models\profiles\Нижний_Балыклей__ПРОФИЛЬ___54.xlsx,Нижний_Балыклей,ПРОФИЛЬ___54,1991-10-17,1991-10-17,1991,,128А,192.08,73.23,118.85
results_models\profiles\Нижний_Балыклей__ПРОФИЛЬ___54.xlsx,Нижний_Балыклей,ПРОФИЛЬ___54,1995-07-18,1995-07-18,1995,,128А,174.35,55.5,118.85
results_models\profiles\Нижний_Балыклей__ПРОФИЛЬ___54.xlsx,Нижний_Балыклей,ПРОФИЛЬ___54,1999-07-02,1999-07-02,1999,,128А,161.98,43.13,118.85
results_models\profiles\Нижний_Балыклей__ПРОФИЛЬ___54.xlsx,Нижний_Балыклей,ПРОФИЛЬ___54,2000-07-07,2000-07-07,2000,,128А,156.84,37.99,118.85
results_models\profiles\Нижний_Балыклей__ПРОФИЛЬ___54.xlsx,Нижний_Балыклей,ПРОФИЛЬ___54,2001-07-07,2001-07-07,2001,,128А,153.39,34.54,118.85
results_models\profiles\Нижний_Балыклей__ПРОФИЛЬ___54.xlsx,Нижний_Балыклей,ПРОФИЛЬ___54,2005-10-11,2005-10-11,2005,,128А,136.95,18.1,118.85
results_models\profiles\Нижний_Балыклей__ПРОФИЛЬ___54.xlsx,Нижний_Балыклей,ПРОФИЛЬ___54,2006-07-19,2006-07-19,2006,,128А,134.79,15.94,118.85
results_models\profiles\Нижний_Балыклей__ПРОФИЛЬ___54.xlsx,Нижний_Балыклей,ПРОФИЛЬ___54,2006-10-03,2006-10-03,2006,,128А,135.35,16.5,118.85
results_models\profiles\Нижний_Балыклей__ПРОФИЛЬ___54.xlsx,Нижний_Балыклей,ПРОФИЛЬ___54,2009-07-17,2009-07-17,2009,,128С,127.15,243.05,-115.9
results_models\profiles\Нижний_Балыклей__ПРОФИЛЬ___54.xlsx,Нижний_Балыклей,ПРОФИЛЬ___54,2010-07-22,2010-07-22,2010,,128В(1007),123.35,123.35,0.0
results_models\profiles\Нижний_Балыклей__ПРОФИЛЬ___54.xlsx,Нижний_Балыклей,ПРОФИЛЬ___54,2011-09-13,2011-09-13,2011,,128В(1007),122.69,122.69,0.0
results_models\profiles\Нижний_Балыклей__ПРОФИЛЬ___54.xlsx,Нижний_Балыклей,ПРОФИЛЬ___54,2012-09-25,2012-09-25,2012,,,,,
results_models\profiles\Нижний_Балыклей__ПРОФИЛЬ___54.xlsx,Нижний_Балыклей,ПРОФИЛЬ___54,2013-07-12,2013-07-12,2013,,128С,118.01,234.0,-115.99
results_models\profiles\Нижний_Балыклей__ПРОФИЛЬ___54.xlsx,Нижний_Балыклей,ПРОФИЛЬ___54,2015-07-14,2015-07-14,2015,,128С,112.44,228.43,-115.99
results_models\profiles\Нижний_Балыклей__ПРОФИЛЬ___54.xlsx,Нижний_Балыклей,ПРОФИЛЬ___54,2016-05-26,2016-05-26,2016,,128С,109.99,225.98,-115.99
results_models\profiles\Нижний_Балыклей__ПРОФИЛЬ___54.xlsx,Нижний_Балыклей,ПРОФИЛЬ___54,2021-07-08,2021-07-08,2021,,128C,95.73,211.72,-115.99
results_models\profiles\Нижний_Балыклей__ПРОФИЛЬ___54.xlsx,Нижний_Балыклей,ПРОФИЛЬ___54,2022-10-12,2022-10-12,2022,,128С,93.69,209.68,-115.99
results_models\profiles\Нижний_Балыклей__ПРОФИЛЬ___54.xlsx,Нижний_Балыклей,ПРОФИЛЬ___54,2024-07-16,2024-07-16,2024,,128С,88.92999999999999,204.92,-115.99
results_models\profiles\Нижний_Ураков__ПРОФИЛЬ___1.xlsx,Нижний_Ураков,ПРОФИЛЬ___1,1987-06-28,1987-06-28,1987,,1а,70.63,4.0,66.63
results_models\profiles\Нижний_Ураков__ПРОФИЛЬ___1.xlsx,Нижний_Ураков,ПРОФИЛЬ___1,1989-08-07,1989-08-07,1989,,1в,70.62,1.04,69.58
results_models\profiles\Нижний_Ураков__ПРОФИЛЬ___1.xlsx,Нижний_Ураков,ПРОФИЛЬ___1,1993-05-27,1993-05-27,1993,,1,64.41,20.18,44.23
results_models\profiles\Нижний_Ураков__ПРОФИЛЬ___1.xlsx,Нижний_Ураков,ПРОФИЛЬ___1,1995-07-21,1995-07-21,1995,,1,59.83,15.6,44.23
results_models\profiles\Нижний_Ураков__ПРОФИЛЬ___1.xlsx,Нижний_Ураков,ПРОФИЛЬ___1,1995-10-13,1995-10-13,1995,,1,59.41,15.18,44.23
results_models\profiles\Нижний_Ураков__ПРОФИЛЬ___1.xlsx,Нижний_Ураков,ПРОФИЛЬ___1,1999-07-08,1999-07-08,1999,,,,,
results_models\profiles\Нижний_Ураков__ПРОФИЛЬ___1.xlsx,Нижний_Ураков,ПРОФИЛЬ___1,2000-07-08,2000-07-08,2000,,10,54.28,54.28,0.0
results_models\profiles\Нижний_Ураков__ПРОФИЛЬ___1.xlsx,Нижний_Ураков,ПРОФИЛЬ___1,2001-07-16,2001-07-16,2001,,1,53.13,8.9,44.23
results_models\profiles\Нижний_Ураков__ПРОФИЛЬ___1.xlsx,Нижний_Ураков,ПРОФИЛЬ___1,2003-07-25,2003-07-25,2003,,10,49.0,49.0,0.0
results_models\profiles\Нижний_Ураков__ПРОФИЛЬ___1.xlsx,Нижний_Ураков,ПРОФИЛЬ___1,2004-07-22,2004-07-22,2004,,1,46.99,2.76,44.23
results_models\profiles\Нижний_Ураков__ПРОФИЛЬ___1.xlsx,Нижний_Ураков,ПРОФИЛЬ___1,2005-07-21,2005-07-21,2005,,1,46.84,2.61,44.23
results_models\profiles\Нижний_Ураков__ПРОФИЛЬ___1.xlsx,Нижний_Ураков,ПРОФИЛЬ___1,2006-07-23,2006-07-23,2006,,1,46.13999999999999,1.91,44.23
results_models\profiles\Нижний_Ураков__ПРОФИЛЬ___1.xlsx,Нижний_Ураков,ПРОФИЛЬ___1,2006-09-29,2006-09-29,2006,,1,46.19,1.96,44.23
results_models\profiles\Нижний_Ураков__ПРОФИЛЬ___1.xlsx,Нижний_Ураков,ПРОФИЛЬ___1,2009-07-18,2009-07-18,2009,,11,43.42,13.42,30.0
results_models\profiles\Нижний_Ураков__ПРОФИЛЬ___1.xlsx,Нижний_Ураков,ПРОФИЛЬ___1,2009-09-30,2009-09-30,2009,,11,43.5,13.5,30.0
results_models\profiles\Нижний_Ураков__ПРОФИЛЬ___1.xlsx,Нижний_Ураков,ПРОФИЛЬ___1,2010-07-23,2010-07-23,2010,,,,,
results_models\profiles\Нижний_Ураков__ПРОФИЛЬ___1.xlsx,Нижний_Ураков,ПРОФИЛЬ___1,2011-09-15,2011-09-15,2011,,11,43.23,13.23,30.0
results_models\profiles\Нижний_Ураков__ПРОФИЛЬ___1.xlsx,Нижний_Ураков,ПРОФИЛЬ___1,2012-10-14,2012-10-14,2012,,11,42.73,12.73,30.0
results_models\profiles\Нижний_Ураков__ПРОФИЛЬ___1.xlsx,Нижний_Ураков,ПРОФИЛЬ___1,2013-07-10,2013-07-10,2013,,11,42.8,12.8,30.0
results_models\profiles\Нижний_Ураков__ПРОФИЛЬ___1.xlsx,Нижний_Ураков,ПРОФИЛЬ___1,2014-07-12,2014-07-12,2014,,11,42.48,12.48,30.0
results_models\profiles\Нижний_Ураков__ПРОФИЛЬ___1.xlsx,Нижний_Ураков,ПРОФИЛЬ___1,2016-05-25,2016-05-25,2016,,11,42.15,12.15,30.0
results_models\profiles\Нижний_Ураков__ПРОФИЛЬ___1.xlsx,Нижний_Ураков,ПРОФИЛЬ___1,2019-08-13,2019-08-13,2019,,11,37.54,7.54,30.0
results_models\profiles\Нижний_Ураков__ПРОФИЛЬ___1.xlsx,Нижний_Ураков,ПРОФИЛЬ___1,2020-09-16,2020-09-16,2020,,11,35.79,5.79,30.0
results_models\profiles\Нижний_Ураков__ПРОФИЛЬ___1.xlsx,Нижний_Ураков,ПРОФИЛЬ___1,2022-08-02,2022-08-02,2022,,11,34.58,4.58,30.0
results_models\profiles\Нижний_Ураков__ПРОФИЛЬ___2.xlsx,Нижний_Ураков,ПРОФИЛЬ___2,1987-06-28,1987-06-28,1987,,2а,24.27,4.1,20.17
results_models\profiles\Нижний_Ураков__ПРОФИЛЬ___2.xlsx,Нижний_Ураков,ПРОФИЛЬ___2,1989-08-07,1989-08-07,1989,,2а,24.27,4.1,20.17
results_models\profiles\Нижний_Ураков__ПРОФИЛЬ___2.xlsx,Нижний_Ураков,ПРОФИЛЬ___2,1993-05-27,1993-05-27,1993,,2а,23.97,3.8,20.17
results_models\profiles\Нижний_Ураков__ПРОФИЛЬ___2.xlsx,Нижний_Ураков,ПРОФИЛЬ___2,1995-07-21,1995-07-21,1995,,2а,23.97,3.8,20.17
results_models\profiles\Нижний_Ураков__ПРОФИЛЬ___2.xlsx,Нижний_Ураков,ПРОФИЛЬ___2,1995-10-13,1995-10-13,1995,,2а,23.95,3.78,20.17
results_models\profiles\Нижний_Ураков__ПРОФИЛЬ___2.xlsx,Нижний_Ураков,ПРОФИЛЬ___2,1999-07-08,1999-07-08,1999,,2,22.58,22.58,0.0
results_models\profiles\Нижний_Ураков__ПРОФИЛЬ___2.xlsx,Нижний_Ураков,ПРОФИЛЬ___2,2000-07-08,2000-07-08,2000,,2а,20.77,0.6,20.17
results_models\profiles\Нижний_Ураков__ПРОФИЛЬ___2.xlsx,Нижний_Ураков,ПРОФИЛЬ___2,2001-07-16,2001-07-16,2001,,2а,20.95,0.78,20.17
results_models\profiles\Нижний_Ураков__ПРОФИЛЬ___2.xlsx,Нижний_Ураков,ПРОФИЛЬ___2,2003-07-25,2003-07-25,2003,,2,18.15,18.15,0.0
results_models\profiles\Нижний_Ураков__ПРОФИЛЬ___2.xlsx,Нижний_Ураков,ПРОФИЛЬ___2,2004-07-22,2004-07-22,2004,,2,17.07,17.07,0.0
results_models\profiles\Нижний_Ураков__ПРОФИЛЬ___2.xlsx,Нижний_Ураков,ПРОФИЛЬ___2,2005-07-21,2005-07-21,2005,,2,15.94,15.94,0.0
results_models\profiles\Нижний_Ураков__ПРОФИЛЬ___2.xlsx,Нижний_Ураков,ПРОФИЛЬ___2,2006-07-23,2006-07-23,2006,,2,15.45,15.45,0.0
results_models\profiles\Нижний_Ураков__ПРОФИЛЬ___2.xlsx,Нижний_Ураков,ПРОФИЛЬ___2,2006-09-29,2006-09-29,2006,,2,15.34,15.34,0.0
results_models\profiles\Нижний_Ураков__ПРОФИЛЬ___2.xlsx,Нижний_Ураков,ПРОФИЛЬ___2,2009-07-18,2009-07-18,2009,,2,13.31,13.31,0.0
results_models\profiles\Нижний_Ураков__ПРОФИЛЬ___2.xlsx,Нижний_Ураков,ПРОФИЛЬ___2,2009-09-30,2009-09-30,2009,,*,,,
results_models\profiles\Нижний_Ураков__ПРОФИЛЬ___2.xlsx,Нижний_Ураков,ПРОФИЛЬ___2,2010-07-23,2010-07-23,2010,,2,12.88,12.88,0.0
results_models\profiles\Нижний_Ураков__ПРОФИЛЬ___2.xlsx,Нижний_Ураков,ПРОФИЛЬ___2,2011-09-15,2011-09-15,2011,,2,12.79,12.79,0.0
results_models\profiles\Нижний_Ураков__ПРОФИЛЬ___2.xlsx,Нижний_Ураков,ПРОФИЛЬ___2,2012-10-14,2012-10-14,2012,,2,12.79,12.79,0.0
results_models\profiles\Нижний_Ураков__ПРОФИЛЬ___2.xlsx,Нижний_Ураков,ПРОФИЛЬ___2,2013-07-10,2013-07-10,2013,,2,11.94,11.94,0.0
results_models\profiles\Нижний_Ураков__ПРОФИЛЬ___2.xlsx,Нижний_Ураков,ПРОФИЛЬ___2,2014-07-12,2014-07-12,2014,,2,10.39,10.39,0.0
results_models\profiles\Нижний_Ураков__ПРОФИЛЬ___2.xlsx,Нижний_Ураков,ПРОФИЛЬ___2,2016-05-25,2016-05-25,2016,,2,8.71,8.71,0.0
results_models\profiles\Нижний_Ураков__ПРОФИЛЬ___2.xlsx,Нижний_Ураков,ПРОФИЛЬ___2,2019-08-13,2019-08-13,2019,,2,3.5,3.5,0.0
results_models\profiles\Нижний_Ураков__ПРОФИЛЬ___2.xlsx,Нижний_Ураков,ПРОФИЛЬ___2,2020-09-16,2020-09-16,2020,,2,3.16,3.16,0.0
results_models\profiles\Нижний_Ураков__ПРОФИЛЬ___2.xlsx,Нижний_Ураков,ПРОФИЛЬ___2,2022-08-02,2022-08-02,2022,,*,,,
results_models\profiles\Нижний_Ураков__ПРОФИЛЬ___3.xlsx,Нижний_Ураков,ПРОФИЛЬ___3,1987-06-28,1987-06-28,1987,,3а,28.7,4.0,24.7
results_models\profiles\Нижний_Ураков__ПРОФИЛЬ___3.xlsx,Нижний_Ураков,ПРОФИЛЬ___3,1989-08-07,1989-08-07,1989,,3б,28.62,2.47,26.15
results_models\profiles\Нижний_Ураков__ПРОФИЛЬ___3.xlsx,Нижний_Ураков,ПРОФИЛЬ___3,1993-05-27,1993-05-27,1993,,3а,28.21,3.51,24.7
results_models\profiles\Нижний_Ураков__ПРОФИЛЬ___3.xlsx,Нижний_Ураков,ПРОФИЛЬ___3,1995-07-21,1995-07-21,1995,,3а,28.37,3.67,24.7
results_models\profiles\Нижний_Ураков__ПРОФИЛЬ___3.xlsx,Нижний_Ураков,ПРОФИЛЬ___3,1995-10-13,1995-10-13,1995,,3а,28.29,3.59,24.7
results_models\profiles\Нижний_Ураков__ПРОФИЛЬ___3.xlsx,Нижний_Ураков,ПРОФИЛЬ___3,1999-07-08,1999-07-08,1999,,3а,26.56,1.86,24.7
results_models\profiles\Нижний_Ураков__ПРОФИЛЬ___3.xlsx,Нижний_Ураков,ПРОФИЛЬ___3,2000-07-08,2000-07-08,2000,,3а,26.03,1.33,24.7
results_models\profiles\Нижний_Ураков__ПРОФИЛЬ___3.xlsx,Нижний_Ураков,ПРОФИЛЬ___3,2001-07-16,2001-07-16,2001,,3а,26.09,1.39,24.7
results_models\profiles\Нижний_Ураков__ПРОФИЛЬ___3.xlsx,Нижний_Ураков,ПРОФИЛЬ___3,2003-07-25,2003-07-25,2003,,3а,24.8,0.1,24.7
results_models\profiles\Нижний_Ураков__ПРОФИЛЬ___3.xlsx,Нижний_Ураков,ПРОФИЛЬ___3,2004-07-22,2004-07-22,2004,,,,,
results_models\profiles\Нижний_Ураков__ПРОФИЛЬ___3.xlsx,Нижний_Ураков,ПРОФИЛЬ___3,2005-07-21,2005-07-21,2005,,30,23.69,81.01,-57.32
results_models\profiles\Нижний_Ураков__ПРОФИЛЬ___3.xlsx,Нижний_Ураков,ПРОФИЛЬ___3,2006-07-23,2006-07-23,2006,,,,,
results_models\profiles\Нижний_Ураков__ПРОФИЛЬ___3.xlsx,Нижний_Ураков,ПРОФИЛЬ___3,2006-09-29,2006-09-29,2006,,3,23.63,23.63,0.0
results_models\profiles\Нижний_Ураков__ПРОФИЛЬ___3.xlsx,Нижний_Ураков,ПРОФИЛЬ___3,2009-07-18,2009-07-18,2009,,3,22.24,22.24,0.0
results_models\profiles\Нижний_Ураков__ПРОФИЛЬ___3.xlsx,Нижний_Ураков,ПРОФИЛЬ___3,2009-09-30,2009-09-30,2009,,3,22.1,22.1,0.0
results_models\profiles\Нижний_Ураков__ПРОФИЛЬ___3.xlsx,Нижний_Ураков,ПРОФИЛЬ___3,2010-07-23,2010-07-23,2010,,3,21.6,21.6,0.0
results_models\profiles\Нижний_Ураков__ПРОФИЛЬ___3.xlsx,Нижний_Ураков,ПРОФИЛЬ___3,2011-09-15,2011-09-15,2011,,3,21.6,21.6,0.0
results_models\profiles\Нижний_Ураков__ПРОФИЛЬ___3.xlsx,Нижний_Ураков,ПРОФИЛЬ___3,2012-10-14,2012-10-14,2012,,,,,
results_models\profiles\Нижний_Ураков__ПРОФИЛЬ___3.xlsx,Нижний_Ураков,ПРОФИЛЬ___3,2013-07-10,2013-07-10,2013,,3,21.35,21.35,0.0
results_models\profiles\Нижний_Ураков__ПРОФИЛЬ___3.xlsx,Нижний_Ураков,ПРОФИЛЬ___3,2014-07-12,2014-07-12,2014,,3,20.7,20.7,0.0
results_models\profiles\Нижний_Ураков__ПРОФИЛЬ___3.xlsx,Нижний_Ураков,ПРОФИЛЬ___3,2016-05-25,2016-05-25,2016,,3,20.72,20.72,0.0
results_models\profiles\Нижний_Ураков__ПРОФИЛЬ___3.xlsx,Нижний_Ураков,ПРОФИЛЬ___3,2019-08-13,2019-08-13,2019,,3,17.09,17.09,0.0
results_models\profiles\Нижний_Ураков__ПРОФИЛЬ___3.xlsx,Нижний_Ураков,ПРОФИЛЬ___3,2020-09-16,2020-09-16,2020,,3,16.98,16.98,0.0
results_models\profiles\Нижний_Ураков__ПРОФИЛЬ___3.xlsx,Нижний_Ураков,ПРОФИЛЬ___3,2022-08-02,2022-08-02,2022,,3,16.54,16.54,0.0
results_models\profiles\Нижний_Ураков__ПРОФИЛЬ___4.xlsx,Нижний_Ураков,ПРОФИЛЬ___4,1987-06-28,1987-06-28,1987,,,,,
results_models\profiles\Нижний_Ураков__ПРОФИЛЬ___4.xlsx,Нижний_Ураков,ПРОФИЛЬ___4,1989-08-07,1989-08-07,1989,,,,,
results_models\profiles\Нижний_Ураков__ПРОФИЛЬ___4.xlsx,Нижний_Ураков,ПРОФИЛЬ___4,1993-05-27,1993-05-27,1993,,4.0,43.03,23.03,20.0
results_models\profiles\Нижний_Ураков__ПРОФИЛЬ___4.xlsx,Нижний_Ураков,ПРОФИЛЬ___4,1995-07-21,1995-07-21,1995,,4.0,37.7,17.7,20.0
results_models\profiles\Нижний_Ураков__ПРОФИЛЬ___4.xlsx,Нижний_Ураков,ПРОФИЛЬ___4,1995-10-13,1995-10-13,1995,,4.0,37.69,17.69,20.0
results_models\profiles\Нижний_Ураков__ПРОФИЛЬ___4.xlsx,Нижний_Ураков,ПРОФИЛЬ___4,1999-07-08,1999-07-08,1999,,,,,
results_models\profiles\Нижний_Ураков__ПРОФИЛЬ___4.xlsx,Нижний_Ураков,ПРОФИЛЬ___4,2000-07-08,2000-07-08,2000,,4.0,30.51,10.51,20.0
results_models\profiles\Нижний_Ураков__ПРОФИЛЬ___4.xlsx,Нижний_Ураков,ПРОФИЛЬ___4,2001-07-16,2001-07-16,2001,,4.0,30.22,10.22,20.0
results_models\profiles\Нижний_Ураков__ПРОФИЛЬ___4.xlsx,Нижний_Ураков,ПРОФИЛЬ___4,2003-07-25,2003-07-25,2003,,4.0,25.35,5.35,20.0
results_models\profiles\Нижний_Ураков__ПРОФИЛЬ___4.xlsx,Нижний_Ураков,ПРОФИЛЬ___4,2004-07-22,2004-07-22,2004,,4.0,24.6,4.6,20.0
results_models\profiles\Нижний_Ураков__ПРОФИЛЬ___4.xlsx,Нижний_Ураков,ПРОФИЛЬ___4,2005-07-21,2005-07-21,2005,,4.0,23.16,3.16,20.0
results_models\profiles\Нижний_Ураков__ПРОФИЛЬ___4.xlsx,Нижний_Ураков,ПРОФИЛЬ___4,2006-07-23,2006-07-23,2006,,4.0,21.64,1.64,20.0
results_models\profiles\Нижний_Ураков__ПРОФИЛЬ___4.xlsx,Нижний_Ураков,ПРОФИЛЬ___4,2006-09-29,2006-09-29,2006,,4.0,21.68,1.68,20.0
results_models\profiles\Нижний_Ураков__ПРОФИЛЬ___4.xlsx,Нижний_Ураков,ПРОФИЛЬ___4,2009-07-18,2009-07-18,2009,,41.0,20.5,20.5,0.0
results_models\profiles\Нижний_Ураков__ПРОФИЛЬ___4.xlsx,Нижний_Ураков,ПРОФИЛЬ___4,2009-09-30,2009-09-30,2009,,41.0,19.7,19.7,0.0
results_models\profiles\Нижний_Ураков__ПРОФИЛЬ___4.xlsx,Нижний_Ураков,ПРОФИЛЬ___4,2010-07-23,2010-07-23,2010,,41.0,19.42,19.42,0.0
results_models\profiles\Нижний_Ураков__ПРОФИЛЬ___4.xlsx,Нижний_Ураков,ПРОФИЛЬ___4,2011-09-15,2011-09-15,2011,,41.0,19.29,19.29,0.0
results_models\profiles\Нижний_Ураков__ПРОФИЛЬ___4.xlsx,Нижний_Ураков,ПРОФИЛЬ___4,2012-10-14,2012-10-14,2012,,41.0,18.71,18.71,0.0
results_models\profiles\Нижний_Ураков__ПРОФИЛЬ___4.xlsx,Нижний_Ураков,ПРОФИЛЬ___4,2013-07-10,2013-07-10,2013,,41.0,17.84,17.84,0.0
results_models\profiles\Нижний_Ураков__ПРОФИЛЬ___4.xlsx,Нижний_Ураков,ПРОФИЛЬ___4,2014-07-12,2014-07-12,2014,,41.0,17.67,17.67,0.0
results_models\profiles\Нижний_Ураков__ПРОФИЛЬ___4.xlsx,Нижний_Ураков,ПРОФИЛЬ___4,2016-05-25,2016-05-25,2016,,41.0,16.13,16.13,0.0
results_models\profiles\Нижний_Ураков__ПРОФИЛЬ___4.xlsx,Нижний_Ураков,ПРОФИЛЬ___4,2019-08-13,2019-08-13,2019,,41.0,11.9,11.9,0.0
results_models\profiles\Нижний_Ураков__ПРОФИЛЬ___4.xlsx,Нижний_Ураков,ПРОФИЛЬ___4,2020-09-16,2020-09-16,2020,,41.0,10.75,10.75,0.0
results_models\profiles\Нижний_Ураков__ПРОФИЛЬ___4.xlsx,Нижний_Ураков,ПРОФИЛЬ___4,2022-08-02,2022-08-02,2022,,41.0,8.83,8.83,0.0
results_models\profiles\Новоникольское__ПРОФИЛЬ___49.xlsx,Новоникольское,ПРОФИЛЬ___49,1959-12-11,1959-12-11,1959,,117,460.0,185.8,274.2
results_models\profiles\Новоникольское__ПРОФИЛЬ___49.xlsx,Новоникольское,ПРОФИЛЬ___49,1960-10-21,1960-10-21,1960,,117,419.2,145.0,274.2
results_models\profiles\Новоникольское__ПРОФИЛЬ___49.xlsx,Новоникольское,ПРОФИЛЬ___49,1965-07-26,1965-07-26,1965,,117,384.1,109.9,274.2
results_models\profiles\Новоникольское__ПРОФИЛЬ___49.xlsx,Новоникольское,ПРОФИЛЬ___49,1970-07-20,1970-07-20,1970,,117,356.2,82.0,274.2
results_models\profiles\Новоникольское__ПРОФИЛЬ___49.xlsx,Новоникольское,ПРОФИЛЬ___49,1974-07-18,1974-07-18,1974,,117,335.1,60.9,274.2
results_models\profiles\Новоникольское__ПРОФИЛЬ___49.xlsx,Новоникольское,ПРОФИЛЬ___49,1980-11-03,1980-11-03,1980,,117,308.3,34.1,274.2
results_models\profiles\Новоникольское__ПРОФИЛЬ___49.xlsx,Новоникольское,ПРОФИЛЬ___49,1986-10-31,1986-10-31,1986,,117,279.7,5.5,274.2
results_models\profiles\Новоникольское__ПРОФИЛЬ___49.xlsx,Новоникольское,ПРОФИЛЬ___49,1991-10-17,1991-10-17,1991,,Синий,248.94,82.7,166.24
results_models\profiles\Новоникольское__ПРОФИЛЬ___49.xlsx,Новоникольское,ПРОФИЛЬ___49,1995-07-15,1995-07-15,1995,,,,,
results_models\profiles\Новоникольское__ПРОФИЛЬ___49.xlsx,Новоникольское,ПРОФИЛЬ___49,1999-09-01,1999-09-01,1999,,Синий,205.95,39.71,166.24
results_models\profiles\Новоникольское__ПРОФИЛЬ___49.xlsx,Новоникольское,ПРОФИЛЬ___49,2003-07-15,2003-07-15,2003,,,,,
results_models\profiles\Новоникольское__ПРОФИЛЬ___49.xlsx,Новоникольское,ПРОФИЛЬ___49,2006-09-26,2006-09-26,2006,,Синий,173.56,7.32,166.24
results_models\profiles\Новоникольское__ПРОФИЛЬ___49.xlsx,Новоникольское,ПРОФИЛЬ___49,2009-07-15,2009-07-15,2009,,119,158.71,83.71,75.0
results_models\profiles\Новоникольское__ПРОФИЛЬ___49.xlsx,Новоникольское,ПРОФИЛЬ___49,2011-09-12,2011-09-12,2011,,119,153.0,78.0,75.0
results_models\profiles\Новоникольское__ПРОФИЛЬ___49.xlsx,Новоникольское,ПРОФИЛЬ___49,2012-09-25,2012-09-25,2012,,,,,
results_models\profiles\Новоникольское__ПРОФИЛЬ___49.xlsx,Новоникольское,ПРОФИЛЬ___49,2013-07-03,2013-07-03,2013,,118,144.98,144.98,0.0
results_models\profiles\Новоникольское__ПРОФИЛЬ___49.xlsx,Новоникольское,ПРОФИЛЬ___49,2016-02-20,2016-02-20,2016,,118,133.75,133.75,0.0
results_models\profiles\Новоникольское__ПРОФИЛЬ___49.xlsx,Новоникольское,ПРОФИЛЬ___49,2019-09-10,2019-09-10,2019,,*,,,
results_models\profiles\Новоникольское__ПРОФИЛЬ___49.xlsx,Новоникольское,ПРОФИЛЬ___49,2020-09-07,2020-09-07,2020,,118,114.65,114.65,0.0
results_models\profiles\Новоникольское__ПРОФИЛЬ___49.xlsx,Новоникольское,ПРОФИЛЬ___49,2023-08-14,2023-08-14,2023,,118,83.4,83.4,0.0
results_models\profiles\Новоникольское__ПРОФИЛЬ___49.xlsx,Новоникольское,ПРОФИЛЬ___49,2024-07-15,2024-07-15,2024,,118,80.93,80.93,0.0
results_models\profiles\Новоникольское__ПРОФИЛЬ___50.xlsx,Новоникольское,ПРОФИЛЬ___50,1959-12-11,1959-12-11,1959,,119,378.09,178.0,200.09
results_models\profiles\Новоникольское__ПРОФИЛЬ___50.xlsx,Новоникольское,ПРОФИЛЬ___50,1960-10-21,1960-10-21,1960,,120,323.94,191.0,132.94
results_models\profiles\Новоникольское__ПРОФИЛЬ___50.xlsx,Новоникольское,ПРОФИЛЬ___50,1965-07-26,1965-07-26,1965,,120,278.04,145.1,132.94
results_models\profiles\Новоникольское__ПРОФИЛЬ___50.xlsx,Новоникольское,ПРОФИЛЬ___50,1970-07-20,1970-07-20,1970,,,,,
results_models\profiles\Новоникольское__ПРОФИЛЬ___50.xlsx,Новоникольское,ПРОФИЛЬ___50,1974-07-18,1974-07-18,1974,,119,262.94,62.85,200.09
results_models\profiles\Новоникольское__ПРОФИЛЬ___50.xlsx,Новоникольское,ПРОФИЛЬ___50,1980-11-03,1980-11-03,1980,,119,236.33,36.24,200.09
results_models\profiles\Новоникольское__ПРОФИЛЬ___50.xlsx,Новоникольское,ПРОФИЛЬ___50,1986-10-31,1986-10-31,1986,,120,207.89,74.95,132.94
results_models\profiles\Новоникольское__ПРОФИЛЬ___50.xlsx,Новоникольское,ПРОФИЛЬ___50,1991-10-17,1991-10-17,1991,,120,180.14,47.2,132.94
results_models\profiles\Новоникольское__ПРОФИЛЬ___50.xlsx,Новоникольское,ПРОФИЛЬ___50,1995-07-15,1995-07-15,1995,,120,161.62,28.68,132.94
results_models\profiles\Новоникольское__ПРОФИЛЬ___50.xlsx,Новоникольское,ПРОФИЛЬ___50,1999-09-01,1999-09-01,1999,,,,,
results_models\profiles\Новоникольское__ПРОФИЛЬ___50.xlsx,Новоникольское,ПРОФИЛЬ___50,2003-07-15,2003-07-15,2003,,В яме,141.65,68.71,72.94
results_models\profiles\Новоникольское__ПРОФИЛЬ___50.xlsx,Новоникольское,ПРОФИЛЬ___50,2006-09-26,2006-09-26,2006,,В яме,127.72,54.78,72.94
results_models\profiles\Новоникольское__ПРОФИЛЬ___50.xlsx,Новоникольское,ПРОФИЛЬ___50,2009-07-15,2009-07-15,2009,,В яме,115.91,42.97,72.94
results_models\profiles\Новоникольское__ПРОФИЛЬ___50.xlsx,Новоникольское,ПРОФИЛЬ___50,2011-09-12,2011-09-12,2011,,В яме,112.84,39.9,72.94
results_models\profiles\Новоникольское__ПРОФИЛЬ___50.xlsx,Новоникольское,ПРОФИЛЬ___50,2012-09-25,2012-09-25,2012,,В яме,109.26,36.32,72.94
results_models\profiles\Новоникольское__ПРОФИЛЬ___50.xlsx,Новоникольское,ПРОФИЛЬ___50,2013-07-03,2013-07-03,2013,,В яме,108.46,35.52,72.94
results_models\profiles\Новоникольское__ПРОФИЛЬ___50.xlsx,Новоникольское,ПРОФИЛЬ___50,2016-02-20,2016-02-20,2016,,В яме,96.77,23.83,72.94
results_models\profiles\Новоникольское__ПРОФИЛЬ___50.xlsx,Новоникольское,ПРОФИЛЬ___50,2019-09-10,2019-09-10,2019,,В яме,82.08,9.14,72.94
results_models\profiles\Новоникольское__ПРОФИЛЬ___50.xlsx,Новоникольское,ПРОФИЛЬ___50,2020-09-07,2020-09-07,2020,,В яме,76.69,3.75,72.94
results_models\profiles\Новоникольское__ПРОФИЛЬ___50.xlsx,Новоникольское,ПРОФИЛЬ___50,2023-08-14,2023-08-14,2023,,Уг.жел.,65.83,65.83,0.0
results_models\profiles\Новоникольское__ПРОФИЛЬ___50.xlsx,Новоникольское,ПРОФИЛЬ___50,2024-07-15,2024-07-15,2024,,Уг.жел.,64.56,64.56,0.0
results_models\profiles\Новоникольское__ПРОФИЛЬ___51.xlsx,Новоникольское,ПРОФИЛЬ___51,1959-12-11,1959-12-11,1959,,122,399.4,271.0,128.4
results_models\profiles\Новоникольское__ПРОФИЛЬ___51.xlsx,Новоникольское,ПРОФИЛЬ___51,1960-10-21,1960-10-21,1960,,122,336.4,208.0,128.4
results_models\profiles\Новоникольское__ПРОФИЛЬ___51.xlsx,Новоникольское,ПРОФИЛЬ___51,1965-07-26,1965-07-26,1965,,122,287.4,159.0,128.4
results_models\profiles\Новоникольское__ПРОФИЛЬ___51.xlsx,Новоникольское,ПРОФИЛЬ___51,1970-07-20,1970-07-20,1970,,122,258.4,130.0,128.4
results_models\profiles\Новоникольское__ПРОФИЛЬ___51.xlsx,Новоникольское,ПРОФИЛЬ___51,1974-07-18,1974-07-18,1974,,122,230.4,102.0,128.4
results_models\profiles\Новоникольское__ПРОФИЛЬ___51.xlsx,Новоникольское,ПРОФИЛЬ___51,1980-11-03,1980-11-03,1980,,122,202.0,73.6,128.4
results_models\profiles\Новоникольское__ПРОФИЛЬ___51.xlsx,Новоникольское,ПРОФИЛЬ___51,1986-10-31,1986-10-31,1986,,122,175.6,47.2,128.4
results_models\profiles\Новоникольское__ПРОФИЛЬ___51.xlsx,Новоникольское,ПРОФИЛЬ___51,1991-10-17,1991-10-17,1991,,122,151.56,23.16,128.4
results_models\profiles\Новоникольское__ПРОФИЛЬ___51.xlsx,Новоникольское,ПРОФИЛЬ___51,1995-07-15,1995-07-15,1995,,122,132.64,4.24,128.4
results_models\profiles\Новоникольское__ПРОФИЛЬ___51.xlsx,Новоникольское,ПРОФИЛЬ___51,1999-09-01,1999-09-01,1999,,Круглый,114.23,114.23,0.0
results_models\profiles\Новоникольское__ПРОФИЛЬ___51.xlsx,Новоникольское,ПРОФИЛЬ___51,2003-07-15,2003-07-15,2003,,,,,
results_models\profiles\Новоникольское__ПРОФИЛЬ___51.xlsx,Новоникольское,ПРОФИЛЬ___51,2006-09-26,2006-09-26,2006,,Круглый,82.2,82.2,0.0
results_models\profiles\Новоникольское__ПРОФИЛЬ___51.xlsx,Новоникольское,ПРОФИЛЬ___51,2009-07-15,2009-07-15,2009,,Круглый,69.12,69.12,0.0
results_models\profiles\Новоникольское__ПРОФИЛЬ___51.xlsx,Новоникольское,ПРОФИЛЬ___51,2011-09-12,2011-09-12,2011,,Круглый,65.6,65.6,0.0
results_models\profiles\Новоникольское__ПРОФИЛЬ___51.xlsx,Новоникольское,ПРОФИЛЬ___51,2012-09-25,2012-09-25,2012,,Круглый,62.92,62.92,0.0
results_models\profiles\Новоникольское__ПРОФИЛЬ___51.xlsx,Новоникольское,ПРОФИЛЬ___51,2013-07-03,2013-07-03,2013,,Круглый,61.03,61.03,0.0
results_models\profiles\Новоникольское__ПРОФИЛЬ___51.xlsx,Новоникольское,ПРОФИЛЬ___51,2016-02-20,2016-02-20,2016,,Круглый,50.64,50.64,0.0
results_models\profiles\Новоникольское__ПРОФИЛЬ___51.xlsx,Новоникольское,ПРОФИЛЬ___51,2019-09-10,2019-09-10,2019,,Круглый,38.32,38.32,0.0
results_models\profiles\Новоникольское__ПРОФИЛЬ___51.xlsx,Новоникольское,ПРОФИЛЬ___51,2020-09-07,2020-09-07,2020,,Круглый,33.57,33.57,0.0
results_models\profiles\Новоникольское__ПРОФИЛЬ___51.xlsx,Новоникольское,ПРОФИЛЬ___51,2023-08-14,2023-08-14,2023,,Круглый,25.83,25.83,0.0
results_models\profiles\Новоникольское__ПРОФИЛЬ___51.xlsx,Новоникольское,ПРОФИЛЬ___51,2024-07-15,2024-07-15,2024,,Круглый,22.39,22.39,0.0
results_models\profiles\Пичуга-Южный__ПРОФИЛЬ___4.xlsx,Пичуга-Южный,ПРОФИЛЬ___4,1977-12-01,1977-12-01,1977,,шт. 4,37.68,27.7,9.98
results_models\profiles\Пичуга-Южный__ПРОФИЛЬ___4.xlsx,Пичуга-Южный,ПРОФИЛЬ___4,1980-11-05,1980-11-05,1980,,шт. 4,36.98,27.0,9.98
results_models\profiles\Пичуга-Южный__ПРОФИЛЬ___4.xlsx,Пичуга-Южный,ПРОФИЛЬ___4,1986-11-15,1986-11-15,1986,,шт. 4,33.38,23.4,9.98
results_models\profiles\Пичуга-Южный__ПРОФИЛЬ___4.xlsx,Пичуга-Южный,ПРОФИЛЬ___4,1988-09-13,1988-09-13,1988,,шт. 4,30.38,20.4,9.98
results_models\profiles\Пичуга-Южный__ПРОФИЛЬ___4.xlsx,Пичуга-Южный,ПРОФИЛЬ___4,1990-03-01,1990-03-01,1990,,,,,
results_models\profiles\Пичуга-Южный__ПРОФИЛЬ___4.xlsx,Пичуга-Южный,ПРОФИЛЬ___4,1995-07-14,1995-07-14,1995,,шт. 4,30.09,20.11,9.98
results_models\profiles\Пичуга-Южный__ПРОФИЛЬ___4.xlsx,Пичуга-Южный,ПРОФИЛЬ___4,2005-07-15,2005-07-15,2005,,шт. 4*,27.02,17.04,9.98
results_models\profiles\Пичуга-Южный__ПРОФИЛЬ___4.xlsx,Пичуга-Южный,ПРОФИЛЬ___4,2006-07-18,2006-07-18,2006,,шт. 4,27.26,17.28,9.98
results_models\profiles\Пичуга-Южный__ПРОФИЛЬ___4.xlsx,Пичуга-Южный,ПРОФИЛЬ___4,2006-09-25,2006-09-25,2006,,шт. 4,27.19,17.21,9.98
results_models\profiles\Пичуга-Южный__ПРОФИЛЬ___4.xlsx,Пичуга-Южный,ПРОФИЛЬ___4,2009-07-14,2009-07-14,2009,,шт. 4,27.08,17.1,9.98
results_models\profiles\Пичуга-Южный__ПРОФИЛЬ___4.xlsx,Пичуга-Южный,ПРОФИЛЬ___4,2011-09-16,2011-09-16,2011,,шт. 4,26.73,16.75,9.98
results_models\profiles\Пичуга-Южный__ПРОФИЛЬ___4.xlsx,Пичуга-Южный,ПРОФИЛЬ___4,2013-07-02,2013-07-02,2013,,шт. 4,26.34,16.36,9.98
results_models\profiles\Пичуга-Южный__ПРОФИЛЬ___4.xlsx,Пичуга-Южный,ПРОФИЛЬ___4,2015-07-13,2015-07-13,2015,,шт. 4,25.72,15.74,9.98
results_models\profiles\Пичуга-Южный__ПРОФИЛЬ___4.xlsx,Пичуга-Южный,ПРОФИЛЬ___4,2016-09-14,2016-09-14,2016,,4,25.82,25.82,0.0
results_models\profiles\Пичуга-Южный__ПРОФИЛЬ___4.xlsx,Пичуга-Южный,ПРОФИЛЬ___4,2017-06-19,2017-06-19,2017,,шт. 4,25.48,15.5,9.98
results_models\profiles\Пичуга-Южный__ПРОФИЛЬ___4.xlsx,Пичуга-Южный,ПРОФИЛЬ___4,2019-10-07,2019-10-07,2019,,шт. 4,25.28,15.3,9.98
results_models\profiles\Пичуга-Южный__ПРОФИЛЬ___4.xlsx,Пичуга-Южный,ПРОФИЛЬ___4,2021-06-01,2021-06-01,2021,,*,,,
results_models\profiles\Пичуга-Южный__ПРОФИЛЬ___4.xlsx,Пичуга-Южный,ПРОФИЛЬ___4,2024-07-12,2024-07-12,2024,,4,25.17,25.17,0.0
results_models\profiles\Пичуга-Южный__ПРОФИЛЬ___5.xlsx,Пичуга-Южный,ПРОФИЛЬ___5,1977-12-01,1977-12-01,1977,,шт. 5,26.99,9.0,17.99
results_models\profiles\Пичуга-Южный__ПРОФИЛЬ___5.xlsx,Пичуга-Южный,ПРОФИЛЬ___5,1980-11-05,1980-11-05,1980,,5,25.6,25.6,0.0
results_models\profiles\Пичуга-Южный__ПРОФИЛЬ___5.xlsx,Пичуга-Южный,ПРОФИЛЬ___5,1986-11-15,1986-11-15,1986,,5,23.1,23.1,0.0
results_models\profiles\Пичуга-Южный__ПРОФИЛЬ___5.xlsx,Пичуга-Южный,ПРОФИЛЬ___5,1988-09-13,1988-09-13,1988,,шт. 5,23.04,5.05,17.99
results_models\profiles\Пичуга-Южный__ПРОФИЛЬ___5.xlsx,Пичуга-Южный,ПРОФИЛЬ___5,1990-03-01,1990-03-01,1990,,шт. 5,22.19,4.2,17.99
results_models\profiles\Пичуга-Южный__ПРОФИЛЬ___5.xlsx,Пичуга-Южный,ПРОФИЛЬ___5,1995-07-14,1995-07-14,1995,,шт. 5,20.62,2.63,17.99
results_models\profiles\Пичуга-Южный__ПРОФИЛЬ___5.xlsx,Пичуга-Южный,ПРОФИЛЬ___5,2005-07-15,2005-07-15,2005,,"""Контрольный""",,51.1,
results_models\profiles\Пичуга-Южный__ПРОФИЛЬ___5.xlsx,Пичуга-Южный,ПРОФИЛЬ___5,2006-07-18,2006-07-18,2006,,50,,50.33,
results_models\profiles\Пичуга-Южный__ПРОФИЛЬ___5.xlsx,Пичуга-Южный,ПРОФИЛЬ___5,2006-09-25,2006-09-25,2006,,5,16.36,16.36,0.0
results_models\profiles\Пичуга-Южный__ПРОФИЛЬ___5.xlsx,Пичуга-Южный,ПРОФИЛЬ___5,2009-07-14,2009-07-14,2009,,5,16.31,16.30739130434782,0.0
results_models\profiles\Пичуга-Южный__ПРОФИЛЬ___5.xlsx,Пичуга-Южный,ПРОФИЛЬ___5,2011-09-16,2011-09-16,2011,,5,16.07,16.07,0.0
results_models\profiles\Пичуга-Южный__ПРОФИЛЬ___5.xlsx,Пичуга-Южный,ПРОФИЛЬ___5,2013-07-02,2013-07-02,2013,,5,16.1,16.1,0.0
results_models\profiles\Пичуга-Южный__ПРОФИЛЬ___5.xlsx,Пичуга-Южный,ПРОФИЛЬ___5,2015-07-13,2015-07-13,2015,,51,15.84,19.37,3.53
results_models\profiles\Пичуга-Южный__ПРОФИЛЬ___5.xlsx,Пичуга-Южный,ПРОФИЛЬ___5,2016-09-14,2016-09-14,2016,,50,15.89,50.5,34.61
results_models\profiles\Пичуга-Южный__ПРОФИЛЬ___5.xlsx,Пичуга-Южный,ПРОФИЛЬ___5,2017-06-19,2017-06-19,2017,,51,15.49,19.02,3.53
results_models\profiles\Пичуга-Южный__ПРОФИЛЬ___5.xlsx,Пичуга-Южный,ПРОФИЛЬ___5,2019-10-07,2019-10-07,2019,,51,15.47,19.0,3.53
results_models\profiles\Пичуга-Южный__ПРОФИЛЬ___5.xlsx,Пичуга-Южный,ПРОФИЛЬ___5,2021-06-01,2021-06-01,2021,,51,15.29,18.82,3.53
results_models\profiles\Пичуга-Южный__ПРОФИЛЬ___5.xlsx,Пичуга-Южный,ПРОФИЛЬ___5,2024-07-12,2024-07-12,2024,,5,15.18,15.18,0.0
results_models\profiles\Пичуга-Южный__ПРОФИЛЬ___6.xlsx,Пичуга-Южный,ПРОФИЛЬ___6,1977-12-01,1977-12-01,1977,,шт. 6,33.28,10.8,22.48
results_models\profiles\Пичуга-Южный__ПРОФИЛЬ___6.xlsx,Пичуга-Южный,ПРОФИЛЬ___6,1980-11-05,1980-11-05,1980,,6,30.0,30.0,0.0
results_models\profiles\Пичуга-Южный__ПРОФИЛЬ___6.xlsx,Пичуга-Южный,ПРОФИЛЬ___6,1986-11-15,1986-11-15,1986,,6,29.01,29.01,0.0
results_models\profiles\Пичуга-Южный__ПРОФИЛЬ___6.xlsx,Пичуга-Южный,ПРОФИЛЬ___6,1988-09-13,1988-09-13,1988,,шт. 6,28.73,6.25,22.48
results_models\profiles\Пичуга-Южный__ПРОФИЛЬ___6.xlsx,Пичуга-Южный,ПРОФИЛЬ___6,1990-03-01,1990-03-01,1990,,шт. 6,27.43,4.95,22.48
results_models\profiles\Пичуга-Южный__ПРОФИЛЬ___6.xlsx,Пичуга-Южный,ПРОФИЛЬ___6,1995-07-14,1995-07-14,1995,,шт. 6,26.8,4.32,22.48
results_models\profiles\Пичуга-Южный__ПРОФИЛЬ___6.xlsx,Пичуга-Южный,ПРОФИЛЬ___6,2005-07-15,2005-07-15,2005,,,,,
results_models\profiles\Пичуга-Южный__ПРОФИЛЬ___6.xlsx,Пичуга-Южный,ПРОФИЛЬ___6,2006-07-18,2006-07-18,2006,,,,,
results_models\profiles\Пичуга-Южный__ПРОФИЛЬ___6.xlsx,Пичуга-Южный,ПРОФИЛЬ___6,2006-09-25,2006-09-25,2006,,,,,
results_models\profiles\Пичуга-Южный__ПРОФИЛЬ___6.xlsx,Пичуга-Южный,ПРОФИЛЬ___6,2009-07-14,2009-07-14,2009,,,,,
results_models\profiles\Пичуга-Южный__ПРОФИЛЬ___6.xlsx,Пичуга-Южный,ПРОФИЛЬ___6,2011-09-16,2011-09-16,2011,,6,21.32,21.32,0.0
results_models\profiles\Пичуга-Южный__ПРОФИЛЬ___6.xlsx,Пичуга-Южный,ПРОФИЛЬ___6,2013-07-02,2013-07-02,2013,,,,,
results_models\profiles\Пичуга-Южный__ПРОФИЛЬ___6.xlsx,Пичуга-Южный,ПРОФИЛЬ___6,2015-07-13,2015-07-13,2015,,6(1507),19.37,19.37,0.0
results_models\profiles\Пичуга-Южный__ПРОФИЛЬ___6.xlsx,Пичуга-Южный,ПРОФИЛЬ___6,2016-09-14,2016-09-14,2016,,6(1507),21.76,21.76,0.0
results_models\profiles\Пичуга-Южный__ПРОФИЛЬ___6.xlsx,Пичуга-Южный,ПРОФИЛЬ___6,2017-06-19,2017-06-19,2017,,,,,
results_models\profiles\Пичуга-Южный__ПРОФИЛЬ___6.xlsx,Пичуга-Южный,ПРОФИЛЬ___6,2019-10-07,2019-10-07,2019,,6(1507),20.18,20.18,0.0
results_models\profiles\Пичуга-Южный__ПРОФИЛЬ___6.xlsx,Пичуга-Южный,ПРОФИЛЬ___6,2021-06-01,2021-06-01,2021,,6(1507),19.67,19.67,0.0
results_models\profiles\Пичуга-Южный__ПРОФИЛЬ___6.xlsx,Пичуга-Южный,ПРОФИЛЬ___6,2024-07-12,2024-07-12,2024,,6(1507),19.61,19.61,0.0
results_models\profiles\Пролейский__ПРОФИЛЬ___1.xlsx,Пролейский,ПРОФИЛЬ___1,1987-07-01,1987-07-01,1987,,1а,58.03,3.0,55.03
results_models\profiles\Пролейский__ПРОФИЛЬ___1.xlsx,Пролейский,ПРОФИЛЬ___1,1990-05-19,1990-05-19,1990,,1а,57.53,2.5,55.03
results_models\profiles\Пролейский__ПРОФИЛЬ___1.xlsx,Пролейский,ПРОФИЛЬ___1,1993-05-25,1993-05-25,1993,,1а (9305),50.89,10.8,40.09
results_models\profiles\Пролейский__ПРОФИЛЬ___1.xlsx,Пролейский,ПРОФИЛЬ___1,1995-07-17,1995-07-17,1995,,,,,
results_models\profiles\Пролейский__ПРОФИЛЬ___1.xlsx,Пролейский,ПРОФИЛЬ___1,1997-08-14,1997-08-14,1997,,1,50.83,50.83,0.0
results_models\profiles\Пролейский__ПРОФИЛЬ___1.xlsx,Пролейский,ПРОФИЛЬ___1,1999-07-09,1999-07-09,1999,,1,50.43,50.43,0.0
results_models\profiles\Пролейский__ПРОФИЛЬ___1.xlsx,Пролейский,ПРОФИЛЬ___1,2000-07-06,2000-07-06,2000,,1,47.64,47.64,0.0
results_models\profiles\Пролейский__ПРОФИЛЬ___1.xlsx,Пролейский,ПРОФИЛЬ___1,2001-07-06,2001-07-06,2001,,1,47.01,47.01,0.0
results_models\profiles\Пролейский__ПРОФИЛЬ___1.xlsx,Пролейский,ПРОФИЛЬ___1,2003-07-16,2003-07-16,2003,,1,47.0,47.0,0.0
results_models\profiles\Пролейский__ПРОФИЛЬ___1.xlsx,Пролейский,ПРОФИЛЬ___1,2004-07-19,2004-07-19,2004,,1,47.0,47.0,0.0
results_models\profiles\Пролейский__ПРОФИЛЬ___1.xlsx,Пролейский,ПРОФИЛЬ___1,2006-07-19,2006-07-19,2006,,1,47.01,47.01,0.0
results_models\profiles\Пролейский__ПРОФИЛЬ___1.xlsx,Пролейский,ПРОФИЛЬ___1,2006-09-26,2006-09-26,2006,,1,47.0,47.0,0.0
results_models\profiles\Пролейский__ПРОФИЛЬ___1.xlsx,Пролейский,ПРОФИЛЬ___1,2008-11-22,2008-11-22,2008,,1,46.7,46.7,0.0
results_models\profiles\Пролейский__ПРОФИЛЬ___1.xlsx,Пролейский,ПРОФИЛЬ___1,2009-07-15,2009-07-15,2009,,1*,46.7,46.7,0.0
results_models\profiles\Пролейский__ПРОФИЛЬ___1.xlsx,Пролейский,ПРОФИЛЬ___1,2010-07-20,2010-07-20,2010,,,,,
results_models\profiles\Пролейский__ПРОФИЛЬ___1.xlsx,Пролейский,ПРОФИЛЬ___1,2011-07-13,2011-07-13,2011,,1,48.37,48.37,0.0
results_models\profiles\Пролейский__ПРОФИЛЬ___1.xlsx,Пролейский,ПРОФИЛЬ___1,2012-10-17,2012-10-17,2012,,1,32.3,32.3,0.0
results_models\profiles\Пролейский__ПРОФИЛЬ___1.xlsx,Пролейский,ПРОФИЛЬ___1,2013-07-04,2013-07-04,2013,,1,46.67,46.67,0.0
results_models\profiles\Пролейский__ПРОФИЛЬ___1.xlsx,Пролейский,ПРОФИЛЬ___1,2014-07-08,2014-07-08,2014,,1,47.16,47.16,0.0
results_models\profiles\Пролейский__ПРОФИЛЬ___1.xlsx,Пролейский,ПРОФИЛЬ___1,2015-07-13,2015-07-13,2015,,1,47.09,47.09,0.0
results_models\profiles\Пролейский__ПРОФИЛЬ___1.xlsx,Пролейский,ПРОФИЛЬ___1,2016-09-15,2016-09-15,2016,,*,,,
results_models\profiles\Пролейский__ПРОФИЛЬ___1.xlsx,Пролейский,ПРОФИЛЬ___1,2019-10-10,2019-10-10,2019,,1,47.11,47.11,0.0
results_models\profiles\Пролейский__ПРОФИЛЬ___1.xlsx,Пролейский,ПРОФИЛЬ___1,2020-08-17,2020-08-17,2020,,*,,,
results_models\profiles\Пролейский__ПРОФИЛЬ___1.xlsx,Пролейский,ПРОФИЛЬ___1,2022-08-04,2022-08-04,2022,,*,,,
results_models\profiles\Пролейский__ПРОФИЛЬ___1.xlsx,Пролейский,ПРОФИЛЬ___1,2023-08-14,2023-08-14,2023,,*,,,
results_models\profiles\Пролейский__ПРОФИЛЬ___2.xlsx,Пролейский,ПРОФИЛЬ___2,1987-07-01,1987-07-01,1987,,2б,61.85999999999999,0.9,60.96
results_models\profiles\Пролейский__ПРОФИЛЬ___2.xlsx,Пролейский,ПРОФИЛЬ___2,1990-05-19,1990-05-19,1990,,2б (8806),57.03,0.73,56.3
results_models\profiles\Пролейский__ПРОФИЛЬ___2.xlsx,Пролейский,ПРОФИЛЬ___2,1993-05-25,1993-05-25,1993,,2б (9305),46.09,13.18,32.91
results_models\profiles\Пролейский__ПРОФИЛЬ___2.xlsx,Пролейский,ПРОФИЛЬ___2,1995-07-17,1995-07-17,1995,,2а (черн.),43.04,17.99,25.05
results_models\profiles\Пролейский__ПРОФИЛЬ___2.xlsx,Пролейский,ПРОФИЛЬ___2,1997-08-14,1997-08-14,1997,,2,39.0,39.0,0.0
results_models\profiles\Пролейский__ПРОФИЛЬ___2.xlsx,Пролейский,ПРОФИЛЬ___2,1999-07-09,1999-07-09,1999,,2а (бел.),36.33,11.83,24.5
results_models\profiles\Пролейский__ПРОФИЛЬ___2.xlsx,Пролейский,ПРОФИЛЬ___2,2000-07-06,2000-07-06,2000,,2а (черн.),31.07,6.02,25.05
results_models\profiles\Пролейский__ПРОФИЛЬ___2.xlsx,Пролейский,ПРОФИЛЬ___2,2001-07-06,2001-07-06,2001,,2а (черн.),28.03,2.98,25.05
results_models\profiles\Пролейский__ПРОФИЛЬ___2.xlsx,Пролейский,ПРОФИЛЬ___2,2003-07-16,2003-07-16,2003,,2а (черн.),25.15,0.1,25.05
results_models\profiles\Пролейский__ПРОФИЛЬ___2.xlsx,Пролейский,ПРОФИЛЬ___2,2004-07-19,2004-07-19,2004,,2,23.8,23.8,0.0
results_models\profiles\Пролейский__ПРОФИЛЬ___2.xlsx,Пролейский,ПРОФИЛЬ___2,2006-07-19,2006-07-19,2006,,2,21.61,21.61,0.0
results_models\profiles\Пролейский__ПРОФИЛЬ___2.xlsx,Пролейский,ПРОФИЛЬ___2,2006-09-26,2006-09-26,2006,,2,20.51,20.51,0.0
results_models\profiles\Пролейский__ПРОФИЛЬ___2.xlsx,Пролейский,ПРОФИЛЬ___2,2008-11-22,2008-11-22,2008,,2,19.9,19.9,0.0
results_models\profiles\Пролейский__ПРОФИЛЬ___2.xlsx,Пролейский,ПРОФИЛЬ___2,2009-07-15,2009-07-15,2009,,2,19.62,19.62,0.0
results_models\profiles\Пролейский__ПРОФИЛЬ___2.xlsx,Пролейский,ПРОФИЛЬ___2,2010-07-20,2010-07-20,2010,,2,19.73,19.73,0.0
results_models\profiles\Пролейский__ПРОФИЛЬ___2.xlsx,Пролейский,ПРОФИЛЬ___2,2011-07-13,2011-07-13,2011,,2,19.6,19.6,0.0
results_models\profiles\Пролейский__ПРОФИЛЬ___2.xlsx,Пролейский,ПРОФИЛЬ___2,2012-10-17,2012-10-17,2012,,2,19.52,19.52,0.0
results_models\profiles\Пролейский__ПРОФИЛЬ___2.xlsx,Пролейский,ПРОФИЛЬ___2,2013-07-04,2013-07-04,2013,,2,19.37,19.37,0.0
results_models\profiles\Пролейский__ПРОФИЛЬ___2.xlsx,Пролейский,ПРОФИЛЬ___2,2014-07-08,2014-07-08,2014,,2,19.5,19.5,0.0
results_models\profiles\Пролейский__ПРОФИЛЬ___2.xlsx,Пролейский,ПРОФИЛЬ___2,2015-07-13,2015-07-13,2015,,2,19.38,19.38,0.0
results_models\profiles\Пролейский__ПРОФИЛЬ___2.xlsx,Пролейский,ПРОФИЛЬ___2,2016-09-15,2016-09-15,2016,,2,19.4,19.4,0.0
results_models\profiles\Пролейский__ПРОФИЛЬ___2.xlsx,Пролейский,ПРОФИЛЬ___2,2019-10-10,2019-10-10,2019,,2,19.45,19.45,0.0
results_models\profiles\Пролейский__ПРОФИЛЬ___2.xlsx,Пролейский,ПРОФИЛЬ___2,2020-08-17,2020-08-17,2020,,2,19.38,19.38,0.0
results_models\profiles\Пролейский__ПРОФИЛЬ___2.xlsx,Пролейский,ПРОФИЛЬ___2,2022-08-04,2022-08-04,2022,,2,19.08,19.08,0.0
results_models\profiles\Пролейский__ПРОФИЛЬ___2.xlsx,Пролейский,ПРОФИЛЬ___2,2023-08-14,2023-08-14,2023,,2,19.2,19.2,0.0
results_models\profiles\Пролейский__ПРОФИЛЬ___3.xlsx,Пролейский,ПРОФИЛЬ___3,1987-07-01,1987-07-01,1987,,3а,65.4,6.4,59.0
results_models\profiles\Пролейский__ПРОФИЛЬ___3.xlsx,Пролейский,ПРОФИЛЬ___3,1990-05-19,1990-05-19,1990,,3а,59.11,0.11,59.0
results_models\profiles\Пролейский__ПРОФИЛЬ___3.xlsx,Пролейский,ПРОФИЛЬ___3,1993-05-25,1993-05-25,1993,,3,49.74,49.74,0.0
results_models\profiles\Пролейский__ПРОФИЛЬ___3.xlsx,Пролейский,ПРОФИЛЬ___3,1995-07-17,1995-07-17,1995,,30,48.24,94.52,-46.28
results_models\profiles\Пролейский__ПРОФИЛЬ___3.xlsx,Пролейский,ПРОФИЛЬ___3,1997-08-14,1997-08-14,1997,,3,42.7,42.7,0.0
results_models\profiles\Пролейский__ПРОФИЛЬ___3.xlsx,Пролейский,ПРОФИЛЬ___3,1999-07-09,1999-07-09,1999,,30,40.19,86.47,-46.28
results_models\profiles\Пролейский__ПРОФИЛЬ___3.xlsx,Пролейский,ПРОФИЛЬ___3,2000-07-06,2000-07-06,2000,,30,34.98,81.26,-46.28
results_models\profiles\Пролейский__ПРОФИЛЬ___3.xlsx,Пролейский,ПРОФИЛЬ___3,2001-07-06,2001-07-06,2001,,3а*,,0.3,
results_models\profiles\Пролейский__ПРОФИЛЬ___3.xlsx,Пролейский,ПРОФИЛЬ___3,2003-07-16,2003-07-16,2003,,3,29.2,29.2,0.0
results_models\profiles\Пролейский__ПРОФИЛЬ___3.xlsx,Пролейский,ПРОФИЛЬ___3,2004-07-19,2004-07-19,2004,,3,26.95,26.95,0.0
results_models\profiles\Пролейский__ПРОФИЛЬ___3.xlsx,Пролейский,ПРОФИЛЬ___3,2006-07-19,2006-07-19,2006,,3*,27.06,27.06,0.0
results_models\profiles\Пролейский__ПРОФИЛЬ___3.xlsx,Пролейский,ПРОФИЛЬ___3,2006-09-26,2006-09-26,2006,,3,22.6,22.6,0.0
results_models\profiles\Пролейский__ПРОФИЛЬ___3.xlsx,Пролейский,ПРОФИЛЬ___3,2008-11-22,2008-11-22,2008,,3,22.61,22.61,0.0
results_models\profiles\Пролейский__ПРОФИЛЬ___3.xlsx,Пролейский,ПРОФИЛЬ___3,2009-07-15,2009-07-15,2009,,3,22.41,22.41,0.0
results_models\profiles\Пролейский__ПРОФИЛЬ___3.xlsx,Пролейский,ПРОФИЛЬ___3,2010-07-20,2010-07-20,2010,,3,22.52,22.52,0.0
results_models\profiles\Пролейский__ПРОФИЛЬ___3.xlsx,Пролейский,ПРОФИЛЬ___3,2011-07-13,2011-07-13,2011,,3,21.99,21.99,0.0
results_models\profiles\Пролейский__ПРОФИЛЬ___3.xlsx,Пролейский,ПРОФИЛЬ___3,2012-10-17,2012-10-17,2012,,3,21.77,21.77,0.0
results_models\profiles\Пролейский__ПРОФИЛЬ___3.xlsx,Пролейский,ПРОФИЛЬ___3,2013-07-04,2013-07-04,2013,,3,21.59,21.59,0.0
results_models\profiles\Пролейский__ПРОФИЛЬ___3.xlsx,Пролейский,ПРОФИЛЬ___3,2014-07-08,2014-07-08,2014,,3,21.56,21.56,0.0
results_models\profiles\Пролейский__ПРОФИЛЬ___3.xlsx,Пролейский,ПРОФИЛЬ___3,2015-07-13,2015-07-13,2015,,3,21.52,21.52,0.0
results_models\profiles\Пролейский__ПРОФИЛЬ___3.xlsx,Пролейский,ПРОФИЛЬ___3,2016-09-15,2016-09-15,2016,,3,21.32,21.32,0.0
results_models\profiles\Пролейский__ПРОФИЛЬ___3.xlsx,Пролейский,ПРОФИЛЬ___3,2019-10-10,2019-10-10,2019,,3,21.39,21.39,0.0
results_models\profiles\Пролейский__ПРОФИЛЬ___3.xlsx,Пролейский,ПРОФИЛЬ___3,2020-08-17,2020-08-17,2020,,3,21.26,21.26,0.0
results_models\profiles\Пролейский__ПРОФИЛЬ___3.xlsx,Пролейский,ПРОФИЛЬ___3,2022-08-04,2022-08-04,2022,,3,21.29,21.29,0.0
results_models\profiles\Пролейский__ПРОФИЛЬ___3.xlsx,Пролейский,ПРОФИЛЬ___3,2023-08-14,2023-08-14,2023,,3,21.05,21.05,0.0
results_models\profiles\Суводская__ПРОФИЛЬ___2.xlsx,Суводская,ПРОФИЛЬ___2,2009-07-16,2009-07-16,2009,,22,,,
results_models\profiles\Суводская__ПРОФИЛЬ___2.xlsx,Суводская,ПРОФИЛЬ___2,2009-10-16,2009-10-16,2009,,22,31.76,31.76,0.0
results_models\profiles\Суводская__ПРОФИЛЬ___2.xlsx,Суводская,ПРОФИЛЬ___2,2010-07-28,2010-07-28,2010,,22,31.58,31.58,0.0
results_models\profiles\Суводская__ПРОФИЛЬ___2.xlsx,Суводская,ПРОФИЛЬ___2,2013-07-13,2013-07-13,2013,,22,31.18,31.18,0.0
results_models\profiles\Суводская__ПРОФИЛЬ___2.xlsx,Суводская,ПРОФИЛЬ___2,2025-04-23,2025-04-23,2025,,22,26.74,26.74,0.0
results_models\profiles\Суводская__ПРОФИЛЬ___3.xlsx,Суводская,ПРОФИЛЬ___3,2009-07-16,2009-07-16,2009,,32,13.67,13.67,0.0
results_models\profiles\Суводская__ПРОФИЛЬ___3.xlsx,Суводская,ПРОФИЛЬ___3,2009-10-16,2009-10-16,2009,,32,13.7,13.7,0.0
results_models\profiles\Суводская__ПРОФИЛЬ___3.xlsx,Суводская,ПРОФИЛЬ___3,2010-07-28,2010-07-28,2010,,32,13.7,13.7,0.0
results_models\profiles\Суводская__ПРОФИЛЬ___3.xlsx,Суводская,ПРОФИЛЬ___3,2013-07-13,2013-07-13,2013,,32,13.1,13.1,0.0
results_models\profiles\Суводская__ПРОФИЛЬ___3.xlsx,Суводская,ПРОФИЛЬ___3,2025-04-23,2025-04-23,2025,,31,6.900000000000002,24.62,17.72
results_models\profiles\Суводская__ПРОФИЛЬ___4.xlsx,Суводская,ПРОФИЛЬ___4,2009-07-16,2009-07-16,2009,,42,1.2,1.2,0.0
results_models\profiles\Суводская__ПРОФИЛЬ___4.xlsx,Суводская,ПРОФИЛЬ___4,2009-10-16,2009-10-16,2009,,42,1.22,1.22,0.0
results_models\profiles\Суводская__ПРОФИЛЬ___4.xlsx,Суводская,ПРОФИЛЬ___4,2010-07-28,2010-07-28,2010,,42,0.89,0.89,0.0
results_models\profiles\Суводская__ПРОФИЛЬ___4.xlsx,Суводская,ПРОФИЛЬ___4,2013-07-13,2013-07-13,2013,,42,0.25,0.25,0.0
results_models\profiles\Суводская__ПРОФИЛЬ___4.xlsx,Суводская,ПРОФИЛЬ___4,2025-04-23,2025-04-23,2025,,*,,,
results_models\profiles\Суводская__ПРОФИЛЬ___5.xlsx,Суводская,ПРОФИЛЬ___5,2009-07-16,2009-07-16,2009,,52,1.32,1.32,0.0
results_models\profiles\Суводская__ПРОФИЛЬ___5.xlsx,Суводская,ПРОФИЛЬ___5,2010-07-28,2010-07-28,2010,,52,1.14,1.14,0.0
results_models\profiles\Суводская__ПРОФИЛЬ___5.xlsx,Суводская,ПРОФИЛЬ___5,2013-07-13,2013-07-13,2013,,,,,
results_models\profiles\Суводская__ПРОФИЛЬ___5.xlsx,Суводская,ПРОФИЛЬ___5,2025-04-23,2025-04-23,2025,,*,,,
results_models\profiles\Суводская__ПРОФИЛЬ_МЕЖДУ_ОВРАГОМ_И_БРОВКОЙ_ВДХР.xlsx,Суводская,ПРОФИЛЬ_МЕЖДУ_ОВРАГОМ_И_БРОВКОЙ_ВДХР,2009-10-16,2009-10-16,2009,,АР5,21.0,10.43,10.57
results_models\profiles\Суводская__ПРОФИЛЬ_МЕЖДУ_ОВРАГОМ_И_БРОВКОЙ_ВДХР.xlsx,Суводская,ПРОФИЛЬ_МЕЖДУ_ОВРАГОМ_И_БРОВКОЙ_ВДХР,2010-07-28,2010-07-28,2010,,АР5,20.94,10.37,10.57
results_models\profiles\Суводская__ПРОФИЛЬ_МЕЖДУ_ОВРАГОМ_И_БРОВКОЙ_ВДХР.xlsx,Суводская,ПРОФИЛЬ_МЕЖДУ_ОВРАГОМ_И_БРОВКОЙ_ВДХР,2013-07-13,2013-07-13,2013,,,,,
results_models\profiles\Суводская__ПРОФИЛЬ_МЕЖДУ_ОВРАГОМ_И_БРОВКОЙ_ВДХР.xlsx,Суводская,ПРОФИЛЬ_МЕЖДУ_ОВРАГОМ_И_БРОВКОЙ_ВДХР,2025-04-23,2025-04-23,2025,,,,,
results_models\profiles\Ураков_Бугор___ПРОФИЛЬ___1.xlsx,Ураков_Бугор,_ПРОФИЛЬ___1,1987-06-27,1987-06-27,1987,,1в,70.52,1.95,68.57
results_models\profiles\Ураков_Бугор___ПРОФИЛЬ___1.xlsx,Ураков_Бугор,_ПРОФИЛЬ___1,1990-05-23,1990-05-23,1990,,1в,69.30999999999999,0.74,68.57
results_models\profiles\Ураков_Бугор___ПРОФИЛЬ___1.xlsx,Ураков_Бугор,_ПРОФИЛЬ___1,1995-07-22,1995-07-22,1995,,1а (9507),67.18,10.15,57.03
results_models\profiles\Ураков_Бугор___ПРОФИЛЬ___1.xlsx,Ураков_Бугор,_ПРОФИЛЬ___1,1999-07-08,1999-07-08,1999,,1а,67.07,10.04,57.03
results_models\profiles\Ураков_Бугор___ПРОФИЛЬ___1.xlsx,Ураков_Бугор,_ПРОФИЛЬ___1,2000-07-09,2000-07-09,2000,,1а (0007)=1а(ниж),67.06,9.1,57.96
results_models\profiles\Ураков_Бугор___ПРОФИЛЬ___1.xlsx,Ураков_Бугор,_ПРОФИЛЬ___1,2003-07-25,2003-07-25,2003,,1а**,,9.05,
results_models\profiles\Ураков_Бугор___ПРОФИЛЬ___1.xlsx,Ураков_Бугор,_ПРОФИЛЬ___1,2004-07-28,2004-07-28,2004,,1а=1а(ниж.),66.05,8.09,57.96
results_models\profiles\Ураков_Бугор___ПРОФИЛЬ___1.xlsx,Ураков_Бугор,_ПРОФИЛЬ___1,2005-07-26,2005-07-26,2005,,1а (верх.),66.06,9.03,57.03
results_models\profiles\Ураков_Бугор___ПРОФИЛЬ___1.xlsx,Ураков_Бугор,_ПРОФИЛЬ___1,2006-07-23,2006-07-23,2006,,1а (нижн.)*,66.05,8.09,57.96
results_models\profiles\Ураков_Бугор___ПРОФИЛЬ___1.xlsx,Ураков_Бугор,_ПРОФИЛЬ___1,2006-09-29,2006-09-29,2006,,1а (нижн.),66.05,8.09,57.96
results_models\profiles\Ураков_Бугор___ПРОФИЛЬ___1.xlsx,Ураков_Бугор,_ПРОФИЛЬ___1,2009-07-19,2009-07-19,2009,,1а (верх.),65.96000000000001,8.93,57.03
results_models\profiles\Ураков_Бугор___ПРОФИЛЬ___1.xlsx,Ураков_Бугор,_ПРОФИЛЬ___1,2009-09-30,2009-09-30,2009,,1а (нижн.),66.06,8.1,57.96
results_models\profiles\Ураков_Бугор___ПРОФИЛЬ___1.xlsx,Ураков_Бугор,_ПРОФИЛЬ___1,2010-07-23,2010-07-23,2010,,1а (нижн.),65.97,8.01,57.96
results_models\profiles\Ураков_Бугор___ПРОФИЛЬ___1.xlsx,Ураков_Бугор,_ПРОФИЛЬ___1,2011-09-14,2011-09-14,2011,,1а (верх.),66.03,9.0,57.03
results_models\profiles\Ураков_Бугор___ПРОФИЛЬ___1.xlsx,Ураков_Бугор,_ПРОФИЛЬ___1,2012-10-16,2012-10-16,2012,,1а (нижн.),65.93,7.97,57.96
results_models\profiles\Ураков_Бугор___ПРОФИЛЬ___1.xlsx,Ураков_Бугор,_ПРОФИЛЬ___1,2013-07-08,2013-07-08,2013,,10,65.84,18.55,47.29
results_models\profiles\Ураков_Бугор___ПРОФИЛЬ___1.xlsx,Ураков_Бугор,_ПРОФИЛЬ___1,2014-07-12,2014-07-12,2014,,1а (нижн.),65.84,7.88,57.96
results_models\profiles\Ураков_Бугор___ПРОФИЛЬ___1.xlsx,Ураков_Бугор,_ПРОФИЛЬ___1,2015-07-16,2015-07-16,2015,,1а (нижн.),65.85,7.89,57.96
results_models\profiles\Ураков_Бугор___ПРОФИЛЬ___1.xlsx,Ураков_Бугор,_ПРОФИЛЬ___1,2016-09-16,2016-09-16,2016,,*,,,
results_models\profiles\Ураков_Бугор___ПРОФИЛЬ___1.xlsx,Ураков_Бугор,_ПРОФИЛЬ___1,2016-10-12,2016-10-12,2016,,1а (верх.)*,65.96000000000001,8.93,57.03
results_models\profiles\Ураков_Бугор___ПРОФИЛЬ___1.xlsx,Ураков_Бугор,_ПРОФИЛЬ___1,2019-08-14,2019-08-14,2019,,*,,,
results_models\profiles\Ураков_Бугор___ПРОФИЛЬ___1.xlsx,Ураков_Бугор,_ПРОФИЛЬ___1,2019-10-09,2019-10-09,2019,,1а (верх.),65.85,8.82,57.03
results_models\profiles\Ураков_Бугор___ПРОФИЛЬ___1.xlsx,Ураков_Бугор,_ПРОФИЛЬ___1,2022-08-03,2022-08-03,2022,,1а (нижн.),65.61,7.65,57.96
results_models\profiles\Ураков_Бугор___ПРОФИЛЬ___1.xlsx,Ураков_Бугор,_ПРОФИЛЬ___1,2022-10-11,2022-10-11,2022,,1а (нижн.),65.78,7.82,57.96
results_models\profiles\Ураков_Бугор___ПРОФИЛЬ___1.xlsx,Ураков_Бугор,_ПРОФИЛЬ___1,2023-10-04,2023-10-04,2023,,1а (нижн.),65.85,7.89,57.96
results_models\profiles\Ураков_Бугор___ПРОФИЛЬ___2.xlsx,Ураков_Бугор,_ПРОФИЛЬ___2,1987-06-27,1987-06-27,1987,,2а,59.59,6.1,53.49
results_models\profiles\Ураков_Бугор___ПРОФИЛЬ___2.xlsx,Ураков_Бугор,_ПРОФИЛЬ___2,1990-05-23,1990-05-23,1990,,2в,59.37,0.71,58.66
results_models\profiles\Ураков_Бугор___ПРОФИЛЬ___2.xlsx,Ураков_Бугор,_ПРОФИЛЬ___2,1995-07-22,1995-07-22,1995,,2в,59.24,0.58,58.66
results_models\profiles\Ураков_Бугор___ПРОФИЛЬ___2.xlsx,Ураков_Бугор,_ПРОФИЛЬ___2,1999-07-08,1999-07-08,1999,,2в,59.22000000000001,0.56,58.66
results_models\profiles\Ураков_Бугор___ПРОФИЛЬ___2.xlsx,Ураков_Бугор,_ПРОФИЛЬ___2,2000-07-09,2000-07-09,2000,,2а,59.24,5.75,53.49
results_models\profiles\Ураков_Бугор___ПРОФИЛЬ___2.xlsx,Ураков_Бугор,_ПРОФИЛЬ___2,2003-07-25,2003-07-25,2003,,2а*,59.14,5.65,53.49
results_models\profiles\Ураков_Бугор___ПРОФИЛЬ___2.xlsx,Ураков_Бугор,_ПРОФИЛЬ___2,2004-07-28,2004-07-28,2004,,2а,59.14,5.65,53.49
results_models\profiles\Ураков_Бугор___ПРОФИЛЬ___2.xlsx,Ураков_Бугор,_ПРОФИЛЬ___2,2005-07-26,2005-07-26,2005,,2а,59.2,5.71,53.49
results_models\profiles\Ураков_Бугор___ПРОФИЛЬ___2.xlsx,Ураков_Бугор,_ПРОФИЛЬ___2,2006-07-23,2006-07-23,2006,,2а,59.23,5.74,53.49
results_models\profiles\Ураков_Бугор___ПРОФИЛЬ___2.xlsx,Ураков_Бугор,_ПРОФИЛЬ___2,2006-09-29,2006-09-29,2006,,2а,59.21,5.72,53.49
results_models\profiles\Ураков_Бугор___ПРОФИЛЬ___2.xlsx,Ураков_Бугор,_ПРОФИЛЬ___2,2009-07-19,2009-07-19,2009,,2а,58.92,5.43,53.49
results_models\profiles\Ураков_Бугор___ПРОФИЛЬ___2.xlsx,Ураков_Бугор,_ПРОФИЛЬ___2,2009-09-30,2009-09-30,2009,,2а,58.74,5.25,53.49
results_models\profiles\Ураков_Бугор___ПРОФИЛЬ___2.xlsx,Ураков_Бугор,_ПРОФИЛЬ___2,2010-07-23,2010-07-23,2010,,2а,58.63,5.14,53.49
results_models\profiles\Ураков_Бугор___ПРОФИЛЬ___2.xlsx,Ураков_Бугор,_ПРОФИЛЬ___2,2011-09-14,2011-09-14,2011,,2а,58.62,5.13,53.49
results_models\profiles\Ураков_Бугор___ПРОФИЛЬ___2.xlsx,Ураков_Бугор,_ПРОФИЛЬ___2,2012-10-16,2012-10-16,2012,,2а,58.6,5.11,53.49
results_models\profiles\Ураков_Бугор___ПРОФИЛЬ___2.xlsx,Ураков_Бугор,_ПРОФИЛЬ___2,2013-07-08,2013-07-08,2013,,20,58.51000000000001,14.71,43.8
results_models\profiles\Ураков_Бугор___ПРОФИЛЬ___2.xlsx,Ураков_Бугор,_ПРОФИЛЬ___2,2014-07-12,2014-07-12,2014,,2а,58.51000000000001,5.02,53.49
results_models\profiles\Ураков_Бугор___ПРОФИЛЬ___2.xlsx,Ураков_Бугор,_ПРОФИЛЬ___2,2015-07-16,2015-07-16,2015,,2а,58.53,5.04,53.49
results_models\profiles\Ураков_Бугор___ПРОФИЛЬ___2.xlsx,Ураков_Бугор,_ПРОФИЛЬ___2,2016-09-16,2016-09-16,2016,,2а,58.6,5.11,53.49
results_models\profiles\Ураков_Бугор___ПРОФИЛЬ___2.xlsx,Ураков_Бугор,_ПРОФИЛЬ___2,2016-10-12,2016-10-12,2016,,2а,58.59,5.1,53.49
results_models\profiles\Ураков_Бугор___ПРОФИЛЬ___2.xlsx,Ураков_Бугор,_ПРОФИЛЬ___2,2019-08-14,2019-08-14,2019,,*,,,
results_models\profiles\Ураков_Бугор___ПРОФИЛЬ___2.xlsx,Ураков_Бугор,_ПРОФИЛЬ___2,2019-10-09,2019-10-09,2019,,2а,58.32,4.83,53.49
results_models\profiles\Ураков_Бугор___ПРОФИЛЬ___2.xlsx,Ураков_Бугор,_ПРОФИЛЬ___2,2022-08-03,2022-08-03,2022,,2а,58.39,4.9,53.49
results_models\profiles\Ураков_Бугор___ПРОФИЛЬ___2.xlsx,Ураков_Бугор,_ПРОФИЛЬ___2,2022-10-11,2022-10-11,2022,,20,58.43,14.63,43.8
results_models\profiles\Ураков_Бугор___ПРОФИЛЬ___2.xlsx,Ураков_Бугор,_ПРОФИЛЬ___2,2023-10-04,2023-10-04,2023,,2а,58.03,4.54,53.49
results_models\profiles\Ураков_Бугор___ПРОФИЛЬ___3.xlsx,Ураков_Бугор,_ПРОФИЛЬ___3,1987-06-27,1987-06-27,1987,,3а,56.2,6.7,49.5
results_models\profiles\Ураков_Бугор___ПРОФИЛЬ___3.xlsx,Ураков_Бугор,_ПРОФИЛЬ___3,1990-05-23,1990-05-23,1990,,3в,55.95,0.42,55.53
results_models\profiles\Ураков_Бугор___ПРОФИЛЬ___3.xlsx,Ураков_Бугор,_ПРОФИЛЬ___3,1995-07-22,1995-07-22,1995,,3в,55.75,0.22,55.53
results_models\profiles\Ураков_Бугор___ПРОФИЛЬ___3.xlsx,Ураков_Бугор,_ПРОФИЛЬ___3,1997-08-16,1997-08-16,1997,,3в,55.64,0.11,55.53
results_models\profiles\Ураков_Бугор___ПРОФИЛЬ___3.xlsx,Ураков_Бугор,_ПРОФИЛЬ___3,2000-07-09,2000-07-09,2000,,3,55.18,55.18,0.0
results_models\profiles\Ураков_Бугор___ПРОФИЛЬ___3.xlsx,Ураков_Бугор,_ПРОФИЛЬ___3,2003-07-25,2003-07-25,2003,,3а (нов.)***,55.84,1.7,54.14
results_models\profiles\Ураков_Бугор___ПРОФИЛЬ___3.xlsx,Ураков_Бугор,_ПРОФИЛЬ___3,2004-07-28,2004-07-28,2004,,3а (нов.),,1.93,
results_models\profiles\Ураков_Бугор___ПРОФИЛЬ___3.xlsx,Ураков_Бугор,_ПРОФИЛЬ___3,2005-07-26,2005-07-26,2005,,3а (нов.),,1.96,
results_models\profiles\Ураков_Бугор___ПРОФИЛЬ___3.xlsx,Ураков_Бугор,_ПРОФИЛЬ___3,2006-07-23,2006-07-23,2006,,3а (нов.),,1.91,
results_models\profiles\Ураков_Бугор___ПРОФИЛЬ___3.xlsx,Ураков_Бугор,_ПРОФИЛЬ___3,2006-09-29,2006-09-29,2006,,3а (нов.),,1.7,
results_models\profiles\Ураков_Бугор___ПРОФИЛЬ___3.xlsx,Ураков_Бугор,_ПРОФИЛЬ___3,2009-07-19,2009-07-19,2009,,31,55.78,4.5,51.28
results_models\profiles\Ураков_Бугор___ПРОФИЛЬ___3.xlsx,Ураков_Бугор,_ПРОФИЛЬ___3,2009-09-30,2009-09-30,2009,,31,55.78,4.5,51.28
results_models\profiles\Ураков_Бугор___ПРОФИЛЬ___3.xlsx,Ураков_Бугор,_ПРОФИЛЬ___3,2010-07-23,2010-07-23,2010,,31,55.71,4.43,51.28
results_models\profiles\Ураков_Бугор___ПРОФИЛЬ___3.xlsx,Ураков_Бугор,_ПРОФИЛЬ___3,2011-09-14,2011-09-14,2011,,33,54.81523804766009,4.43,50.38523804766009
results_models\profiles\Ураков_Бугор___ПРОФИЛЬ___3.xlsx,Ураков_Бугор,_ПРОФИЛЬ___3,2012-10-16,2012-10-16,2012,,33,54.75523804766009,4.37,50.38523804766009
results_models\profiles\Ураков_Бугор___ПРОФИЛЬ___3.xlsx,Ураков_Бугор,_ПРОФИЛЬ___3,2013-07-08,2013-07-08,2013,,33(?),54.67523804766009,4.29,50.38523804766009
results_models\profiles\Ураков_Бугор___ПРОФИЛЬ___3.xlsx,Ураков_Бугор,_ПРОФИЛЬ___3,2014-07-12,2014-07-12,2014,,32(1407),55.16,4.1,51.06
results_models\profiles\Ураков_Бугор___ПРОФИЛЬ___3.xlsx,Ураков_Бугор,_ПРОФИЛЬ___3,2015-07-16,2015-07-16,2015,,32(1407),55.23,4.17,51.06
results_models\profiles\Ураков_Бугор___ПРОФИЛЬ___3.xlsx,Ураков_Бугор,_ПРОФИЛЬ___3,2016-09-16,2016-09-16,2016,,32(1407),55.31,4.25,51.06
results_models\profiles\Ураков_Бугор___ПРОФИЛЬ___3.xlsx,Ураков_Бугор,_ПРОФИЛЬ___3,2016-10-12,2016-10-12,2016,,32(1407),55.36,4.3,51.06
results_models\profiles\Ураков_Бугор___ПРОФИЛЬ___3.xlsx,Ураков_Бугор,_ПРОФИЛЬ___3,2019-08-14,2019-08-14,2019,,32(1407),55.21,4.15,51.06
results_models\profiles\Ураков_Бугор___ПРОФИЛЬ___3.xlsx,Ураков_Бугор,_ПРОФИЛЬ___3,2019-10-09,2019-10-09,2019,,*,,,
results_models\profiles\Ураков_Бугор___ПРОФИЛЬ___3.xlsx,Ураков_Бугор,_ПРОФИЛЬ___3,2022-08-03,2022-08-03,2022,,*,,,
results_models\profiles\Ураков_Бугор___ПРОФИЛЬ___3.xlsx,Ураков_Бугор,_ПРОФИЛЬ___3,2022-10-11,2022-10-11,2022,,*,,,
results_models\profiles\Ураков_Бугор___ПРОФИЛЬ___3.xlsx,Ураков_Бугор,_ПРОФИЛЬ___3,2023-10-04,2023-10-04,2023,,3,54.44,54.44,0.0
