interval_id,site_id,profile_id,date_start,date_end,n_wind_obs,coverage_wind,coverage_wind_flag
berezhnovka_profile_60_1958-10-01_1960-10-23,berezhnovka,berezhnovka_profile_60,1958-10-01,1960-10-23,0.0,0.0,NO_WIND_OBS
berezhnovka_profile_60_1960-10-23_1965-07-31,berezhnovka,berezhnovka_profile_60,1960-10-23,1965-07-31,0.0,0.0,NO_WIND_OBS
berezhnovka_profile_60_1965-07-31_1970-07-18,berezhnovka,berezhnovka_profile_60,1965-07-31,1970-07-18,0.0,0.0,NO_WIND_OBS
berezhnovka_profile_60_1970-07-18_1974-07-13,berezhnovka,berezhnovka_profile_60,1970-07-18,1974-07-13,0.0,0.0,NO_WIND_OBS
berezhnovka_profile_60_1974-07-13_1980-11-27,berezhnovka,berezhnovka_profile_60,1974-07-13,1980-11-27,0.0,0.0,NO_WIND_OBS
berezhnovka_profile_60_1980-11-27_1986-10-26,berezhnovka,berezhnovka_profile_60,1980-11-27,1986-10-26,0.0,0.0,NO_WIND_OBS
berezhnovka_profile_60_1986-10-26_1991-10-18,berezhnovka,berezhnovka_profile_60,1986-10-26,1991-10-18,0.0,0.0,NO_WIND_OBS
berezhnovka_profile_60_1991-10-18_1994-10-21,berezhnovka,berezhnovka_profile_60,1991-10-18,1994-10-21,0.0,0.0,NO_WIND_OBS
berezhnovka_profile_60_1994-10-21_2000-07-13,berezhnovka,berezhnovka_profile_60,1994-10-21,2000-07-13,0.0,0.0,NO_WIND_OBS
berezhnovka_profile_60_2000-07-13_2001-07-15,berezhnovka,berezhnovka_profile_60,2000-07-13,2001-07-15,0.0,0.0,NO_WIND_OBS
berezhnovka_profile_60_2001-07-15_2005-07-22,berezhnovka,berezhnovka_profile_60,2001-07-15,2005-07-22,0.0,0.0,NO_WIND_OBS
berezhnovka_profile_60_2005-07-22_2005-10-15,berezhnovka,berezhnovka_profile_60,2005-07-22,2005-10-15,0.0,0.0,NO_WIND_OBS
berezhnovka_profile_60_2005-10-15_2006-07-22,berezhnovka,berezhnovka_profile_60,2005-10-15,2006-07-22,0.0,0.0,NO_WIND_OBS
berezhnovka_profile_60_2006-07-22_2006-09-30,berezhnovka,berezhnovka_profile_60,2006-07-22,2006-09-30,0.0,0.0,NO_WIND_OBS
berezhnovka_profile_60_2006-09-30_2009-07-20,berezhnovka,berezhnovka_profile_60,2006-09-30,2009-07-20,0.0,0.0,NO_WIND_OBS
berezhnovka_profile_60_2009-07-20_2010-07-24,berezhnovka,berezhnovka_profile_60,2009-07-20,2010-07-24,0.0,0.0,NO_WIND_OBS
berezhnovka_profile_60_2010-07-24_2011-09-14,berezhnovka,berezhnovka_profile_60,2010-07-24,2011-09-14,584.0,0.361244019138756,LOW_COVERAGE_WIND
berezhnovka_profile_60_2011-09-14_2012-10-16,berezhnovka,berezhnovka_profile_60,2011-09-14,2012-10-16,309.0,0.17042606516290726,LOW_COVERAGE_WIND
berezhnovka_profile_60_2012-10-16_2013-07-09,berezhnovka,berezhnovka_profile_60,2012-10-16,2013-07-09,0.0,0.0,NO_WIND_OBS
berezhnovka_profile_60_2013-07-09_2016-05-25,berezhnovka,berezhnovka_profile_60,2013-07-09,2016-05-25,0.0,0.0,NO_WIND_OBS
berezhnovka_profile_60_2016-05-25_2019-08-14,berezhnovka,berezhnovka_profile_60,2016-05-25,2019-08-14,0.0,0.0,NO_WIND_OBS
berezhnovka_profile_60_2019-08-14_2021-07-07,berezhnovka,berezhnovka_profile_60,2019-08-14,2021-07-07,1.0,0.001440922190201729,LOW_COVERAGE_WIND
berezhnovka_profile_60_2021-07-07_2023-10-03,berezhnovka,berezhnovka_profile_60,2021-07-07,2023-10-03,13.0,0.007326007326007326,LOW_COVERAGE_WIND
berezhnovka_profile_61_1958-10-01_1960-10-23,berezhnovka,berezhnovka_profile_61,1958-10-01,1960-10-23,0.0,0.0,NO_WIND_OBS
berezhnovka_profile_61_1960-10-23_1965-07-31,berezhnovka,berezhnovka_profile_61,1960-10-23,1965-07-31,0.0,0.0,NO_WIND_OBS
berezhnovka_profile_61_1965-07-31_1970-07-18,berezhnovka,berezhnovka_profile_61,1965-07-31,1970-07-18,0.0,0.0,NO_WIND_OBS
berezhnovka_profile_61_1970-07-18_1974-07-13,berezhnovka,berezhnovka_profile_61,1970-07-18,1974-07-13,0.0,0.0,NO_WIND_OBS
berezhnovka_profile_61_1974-07-13_1980-11-27,berezhnovka,berezhnovka_profile_61,1974-07-13,1980-11-27,0.0,0.0,NO_WIND_OBS
berezhnovka_profile_61_1980-11-27_1986-10-26,berezhnovka,berezhnovka_profile_61,1980-11-27,1986-10-26,0.0,0.0,NO_WIND_OBS
berezhnovka_profile_61_1986-10-26_1991-10-18,berezhnovka,berezhnovka_profile_61,1986-10-26,1991-10-18,0.0,0.0,NO_WIND_OBS
berezhnovka_profile_61_1991-10-18_1994-10-21,berezhnovka,berezhnovka_profile_61,1991-10-18,1994-10-21,0.0,0.0,NO_WIND_OBS
berezhnovka_profile_61_1994-10-21_2000-07-13,berezhnovka,berezhnovka_profile_61,1994-10-21,2000-07-13,0.0,0.0,NO_WIND_OBS
berezhnovka_profile_61_2000-07-13_2001-07-15,berezhnovka,berezhnovka_profile_61,2000-07-13,2001-07-15,0.0,0.0,NO_WIND_OBS
berezhnovka_profile_61_2001-07-15_2005-07-22,berezhnovka,berezhnovka_profile_61,2001-07-15,2005-07-22,0.0,0.0,NO_WIND_OBS
berezhnovka_profile_61_2005-07-22_2005-10-15,berezhnovka,berezhnovka_profile_61,2005-07-22,2005-10-15,0.0,0.0,NO_WIND_OBS
berezhnovka_profile_61_2005-10-15_2006-07-22,berezhnovka,berezhnovka_profile_61,2005-10-15,2006-07-22,0.0,0.0,NO_WIND_OBS
berezhnovka_profile_61_2006-07-22_2006-09-30,berezhnovka,berezhnovka_profile_61,2006-07-22,2006-09-30,0.0,0.0,NO_WIND_OBS
berezhnovka_profile_61_2006-09-30_2009-07-20,berezhnovka,berezhnovka_profile_61,2006-09-30,2009-07-20,0.0,0.0,NO_WIND_OBS
berezhnovka_profile_61_2009-07-20_2010-07-24,berezhnovka,berezhnovka_profile_61,2009-07-20,2010-07-24,0.0,0.0,NO_WIND_OBS
berezhnovka_profile_61_2010-07-24_2011-09-14,berezhnovka,berezhnovka_profile_61,2010-07-24,2011-09-14,584.0,0.361244019138756,LOW_COVERAGE_WIND
berezhnovka_profile_61_2011-09-14_2012-10-16,berezhnovka,berezhnovka_profile_61,2011-09-14,2012-10-16,309.0,0.17042606516290726,LOW_COVERAGE_WIND
berezhnovka_profile_61_2012-10-16_2013-07-09,berezhnovka,berezhnovka_profile_61,2012-10-16,2013-07-09,0.0,0.0,NO_WIND_OBS
berezhnovka_profile_61_2013-07-09_2016-05-25,berezhnovka,berezhnovka_profile_61,2013-07-09,2016-05-25,0.0,0.0,NO_WIND_OBS
berezhnovka_profile_61_2016-05-25_2019-08-14,berezhnovka,berezhnovka_profile_61,2016-05-25,2019-08-14,0.0,0.0,NO_WIND_OBS
berezhnovka_profile_61_2019-08-14_2021-07-07,berezhnovka,berezhnovka_profile_61,2019-08-14,2021-07-07,1.0,0.001440922190201729,LOW_COVERAGE_WIND
berezhnovka_profile_61_2021-07-07_2023-10-03,berezhnovka,berezhnovka_profile_61,2021-07-07,2023-10-03,13.0,0.007326007326007326,LOW_COVERAGE_WIND
berezhnovka_profile_62_1958-10-01_1960-10-23,berezhnovka,berezhnovka_profile_62,1958-10-01,1960-10-23,0.0,0.0,NO_WIND_OBS
berezhnovka_profile_62_1960-10-23_1965-07-31,berezhnovka,berezhnovka_profile_62,1960-10-23,1965-07-31,0.0,0.0,NO_WIND_OBS
berezhnovka_profile_62_1965-07-31_1970-07-18,berezhnovka,berezhnovka_profile_62,1965-07-31,1970-07-18,0.0,0.0,NO_WIND_OBS
berezhnovka_profile_62_1970-07-18_1974-07-13,berezhnovka,berezhnovka_profile_62,1970-07-18,1974-07-13,0.0,0.0,NO_WIND_OBS
berezhnovka_profile_62_1974-07-13_1980-11-27,berezhnovka,berezhnovka_profile_62,1974-07-13,1980-11-27,0.0,0.0,NO_WIND_OBS
berezhnovka_profile_62_1980-11-27_1986-10-26,berezhnovka,berezhnovka_profile_62,1980-11-27,1986-10-26,0.0,0.0,NO_WIND_OBS
berezhnovka_profile_62_1986-10-26_1991-10-18,berezhnovka,berezhnovka_profile_62,1986-10-26,1991-10-18,0.0,0.0,NO_WIND_OBS
berezhnovka_profile_62_1991-10-18_1994-10-21,berezhnovka,berezhnovka_profile_62,1991-10-18,1994-10-21,0.0,0.0,NO_WIND_OBS
berezhnovka_profile_62_1994-10-21_2000-07-13,berezhnovka,berezhnovka_profile_62,1994-10-21,2000-07-13,0.0,0.0,NO_WIND_OBS
berezhnovka_profile_62_2000-07-13_2001-07-15,berezhnovka,berezhnovka_profile_62,2000-07-13,2001-07-15,0.0,0.0,NO_WIND_OBS
berezhnovka_profile_62_2001-07-15_2005-10-15,berezhnovka,berezhnovka_profile_62,2001-07-15,2005-10-15,0.0,0.0,NO_WIND_OBS
berezhnovka_profile_62_2005-10-15_2006-07-22,berezhnovka,berezhnovka_profile_62,2005-10-15,2006-07-22,0.0,0.0,NO_WIND_OBS
berezhnovka_profile_62_2006-07-22_2006-09-30,berezhnovka,berezhnovka_profile_62,2006-07-22,2006-09-30,0.0,0.0,NO_WIND_OBS
berezhnovka_profile_62_2006-09-30_2009-07-20,berezhnovka,berezhnovka_profile_62,2006-09-30,2009-07-20,0.0,0.0,NO_WIND_OBS
berezhnovka_profile_62_2009-07-20_2010-07-24,berezhnovka,berezhnovka_profile_62,2009-07-20,2010-07-24,0.0,0.0,NO_WIND_OBS
berezhnovka_profile_62_2010-07-24_2011-09-14,berezhnovka,berezhnovka_profile_62,2010-07-24,2011-09-14,584.0,0.361244019138756,LOW_COVERAGE_WIND
berezhnovka_profile_62_2011-09-14_2012-10-16,berezhnovka,berezhnovka_profile_62,2011-09-14,2012-10-16,309.0,0.17042606516290726,LOW_COVERAGE_WIND
berezhnovka_profile_62_2012-10-16_2013-07-09,berezhnovka,berezhnovka_profile_62,2012-10-16,2013-07-09,0.0,0.0,NO_WIND_OBS
berezhnovka_profile_62_2013-07-09_2016-05-25,berezhnovka,berezhnovka_profile_62,2013-07-09,2016-05-25,0.0,0.0,NO_WIND_OBS
berezhnovka_profile_62_2016-05-25_2019-08-14,berezhnovka,berezhnovka_profile_62,2016-05-25,2019-08-14,0.0,0.0,NO_WIND_OBS
berezhnovka_profile_62_2019-08-14_2021-07-07,berezhnovka,berezhnovka_profile_62,2019-08-14,2021-07-07,1.0,0.001440922190201729,LOW_COVERAGE_WIND
berezhnovka_profile_62_2021-07-07_2023-10-03,berezhnovka,berezhnovka_profile_62,2021-07-07,2023-10-03,13.0,0.007326007326007326,LOW_COVERAGE_WIND
burty_profile_1_1987-06-30_1990-05-28,burty,burty_profile_1,1987-06-30,1990-05-28,0.0,0.0,NO_WIND_OBS
burty_profile_1_1990-05-28_1995-07-19,burty,burty_profile_1,1990-05-28,1995-07-19,0.0,0.0,NO_WIND_OBS
burty_profile_1_1995-07-19_2000-07-15,burty,burty_profile_1,1995-07-19,2000-07-15,0.0,0.0,NO_WIND_OBS
burty_profile_1_2000-07-15_2001-07-10,burty,burty_profile_1,2000-07-15,2001-07-10,0.0,0.0,NO_WIND_OBS
burty_profile_1_2001-07-10_2003-07-17,burty,burty_profile_1,2001-07-10,2003-07-17,0.0,0.0,NO_WIND_OBS
burty_profile_1_2003-07-17_2004-07-21,burty,burty_profile_1,2003-07-17,2004-07-21,0.0,0.0,NO_WIND_OBS
burty_profile_1_2004-07-21_2005-07-18,burty,burty_profile_1,2004-07-21,2005-07-18,0.0,0.0,NO_WIND_OBS
burty_profile_1_2005-07-18_2006-07-28,burty,burty_profile_1,2005-07-18,2006-07-28,0.0,0.0,NO_WIND_OBS
burty_profile_1_2006-07-28_2006-10-02,burty,burty_profile_1,2006-07-28,2006-10-02,0.0,0.0,NO_WIND_OBS
burty_profile_1_2006-10-02_2008-11-22,burty,burty_profile_1,2006-10-02,2008-11-22,0.0,0.0,NO_WIND_OBS
burty_profile_1_2008-11-22_2009-07-17,burty,burty_profile_1,2008-11-22,2009-07-17,0.0,0.0,NO_WIND_OBS
burty_profile_1_2009-07-17_2009-10-01,burty,burty_profile_1,2009-07-17,2009-10-01,0.0,0.0,NO_WIND_OBS
burty_profile_1_2009-10-01_2010-07-22,burty,burty_profile_1,2009-10-01,2010-07-22,0.0,0.0,NO_WIND_OBS
burty_profile_1_2010-07-22_2011-07-13,burty,burty_profile_1,2010-07-22,2011-07-13,403.0,0.29411764705882354,LOW_COVERAGE_WIND
burty_profile_1_2011-07-13_2012-09-25,burty,burty_profile_1,2011-07-13,2012-09-25,490.0,0.2585034013605442,LOW_COVERAGE_WIND
burty_profile_1_2012-09-25_2013-07-12,burty,burty_profile_1,2012-09-25,2013-07-12,0.0,0.0,NO_WIND_OBS
burty_profile_1_2013-07-12_2014-07-09,burty,burty_profile_1,2013-07-12,2014-07-09,0.0,0.0,NO_WIND_OBS
burty_profile_1_2014-07-09_2015-07-14,burty,burty_profile_1,2014-07-09,2015-07-14,0.0,0.0,NO_WIND_OBS
burty_profile_1_2015-07-14_2016-10-13,burty,burty_profile_1,2015-07-14,2016-10-13,0.0,0.0,NO_WIND_OBS
burty_profile_1_2016-10-13_2017-06-20,burty,burty_profile_1,2016-10-13,2017-06-20,0.0,0.0,NO_WIND_OBS
burty_profile_1_2017-06-20_2019-10-08,burty,burty_profile_1,2017-06-20,2019-10-08,0.0,0.0,NO_WIND_OBS
burty_profile_1_2019-10-08_2020-08-18,burty,burty_profile_1,2019-10-08,2020-08-18,0.0,0.0,NO_WIND_OBS
burty_profile_1_2020-08-18_2022-08-04,burty,burty_profile_1,2020-08-18,2022-08-04,14.0,0.009762900976290097,LOW_COVERAGE_WIND
burty_profile_1_2022-08-04_2023-08-15,burty,burty_profile_1,2022-08-04,2023-08-15,0.0,0.0,NO_WIND_OBS
burty_profile_2_1987-06-30_1990-05-28,burty,burty_profile_2,1987-06-30,1990-05-28,0.0,0.0,NO_WIND_OBS
burty_profile_2_1990-05-28_1995-07-19,burty,burty_profile_2,1990-05-28,1995-07-19,0.0,0.0,NO_WIND_OBS
burty_profile_2_1995-07-19_2000-07-15,burty,burty_profile_2,1995-07-19,2000-07-15,0.0,0.0,NO_WIND_OBS
burty_profile_2_2000-07-15_2001-07-10,burty,burty_profile_2,2000-07-15,2001-07-10,0.0,0.0,NO_WIND_OBS
burty_profile_2_2001-07-10_2003-07-17,burty,burty_profile_2,2001-07-10,2003-07-17,0.0,0.0,NO_WIND_OBS
burty_profile_2_2003-07-17_2004-07-21,burty,burty_profile_2,2003-07-17,2004-07-21,0.0,0.0,NO_WIND_OBS
burty_profile_2_2004-07-21_2005-07-18,burty,burty_profile_2,2004-07-21,2005-07-18,0.0,0.0,NO_WIND_OBS
burty_profile_2_2005-07-18_2006-07-28,burty,burty_profile_2,2005-07-18,2006-07-28,0.0,0.0,NO_WIND_OBS
burty_profile_2_2006-07-28_2006-10-02,burty,burty_profile_2,2006-07-28,2006-10-02,0.0,0.0,NO_WIND_OBS
burty_profile_2_2006-10-02_2008-11-22,burty,burty_profile_2,2006-10-02,2008-11-22,0.0,0.0,NO_WIND_OBS
burty_profile_2_2008-11-22_2009-07-17,burty,burty_profile_2,2008-11-22,2009-07-17,0.0,0.0,NO_WIND_OBS
burty_profile_2_2009-07-17_2009-10-01,burty,burty_profile_2,2009-07-17,2009-10-01,0.0,0.0,NO_WIND_OBS
burty_profile_2_2009-10-01_2010-07-22,burty,burty_profile_2,2009-10-01,2010-07-22,0.0,0.0,NO_WIND_OBS
burty_profile_2_2010-07-22_2011-07-13,burty,burty_profile_2,2010-07-22,2011-07-13,403.0,0.29411764705882354,LOW_COVERAGE_WIND
burty_profile_2_2011-07-13_2012-09-25,burty,burty_profile_2,2011-07-13,2012-09-25,490.0,0.2585034013605442,LOW_COVERAGE_WIND
burty_profile_2_2012-09-25_2013-07-12,burty,burty_profile_2,2012-09-25,2013-07-12,0.0,0.0,NO_WIND_OBS
burty_profile_2_2013-07-12_2014-07-09,burty,burty_profile_2,2013-07-12,2014-07-09,0.0,0.0,NO_WIND_OBS
burty_profile_2_2014-07-09_2015-07-14,burty,burty_profile_2,2014-07-09,2015-07-14,0.0,0.0,NO_WIND_OBS
burty_profile_2_2015-07-14_2016-10-13,burty,burty_profile_2,2015-07-14,2016-10-13,0.0,0.0,NO_WIND_OBS
burty_profile_2_2016-10-13_2017-06-20,burty,burty_profile_2,2016-10-13,2017-06-20,0.0,0.0,NO_WIND_OBS
burty_profile_2_2017-06-20_2019-10-08,burty,burty_profile_2,2017-06-20,2019-10-08,0.0,0.0,NO_WIND_OBS
burty_profile_2_2019-10-08_2020-08-18,burty,burty_profile_2,2019-10-08,2020-08-18,0.0,0.0,NO_WIND_OBS
burty_profile_2_2020-08-18_2022-08-04,burty,burty_profile_2,2020-08-18,2022-08-04,14.0,0.009762900976290097,LOW_COVERAGE_WIND
burty_profile_2_2022-08-04_2023-08-15,burty,burty_profile_2,2022-08-04,2023-08-15,0.0,0.0,NO_WIND_OBS
burty_profile_3_1987-06-30_1990-05-28,burty,burty_profile_3,1987-06-30,1990-05-28,0.0,0.0,NO_WIND_OBS
burty_profile_3_1990-05-28_1995-07-19,burty,burty_profile_3,1990-05-28,1995-07-19,0.0,0.0,NO_WIND_OBS
burty_profile_3_1995-07-19_2000-07-15,burty,burty_profile_3,1995-07-19,2000-07-15,0.0,0.0,NO_WIND_OBS
burty_profile_3_2000-07-15_2001-07-10,burty,burty_profile_3,2000-07-15,2001-07-10,0.0,0.0,NO_WIND_OBS
burty_profile_3_2001-07-10_2003-07-17,burty,burty_profile_3,2001-07-10,2003-07-17,0.0,0.0,NO_WIND_OBS
burty_profile_3_2003-07-17_2004-07-21,burty,burty_profile_3,2003-07-17,2004-07-21,0.0,0.0,NO_WIND_OBS
burty_profile_3_2004-07-21_2005-07-18,burty,burty_profile_3,2004-07-21,2005-07-18,0.0,0.0,NO_WIND_OBS
burty_profile_3_2005-07-18_2006-07-28,burty,burty_profile_3,2005-07-18,2006-07-28,0.0,0.0,NO_WIND_OBS
burty_profile_3_2006-07-28_2006-10-02,burty,burty_profile_3,2006-07-28,2006-10-02,0.0,0.0,NO_WIND_OBS
burty_profile_3_2006-10-02_2008-11-22,burty,burty_profile_3,2006-10-02,2008-11-22,0.0,0.0,NO_WIND_OBS
burty_profile_3_2008-11-22_2009-07-17,burty,burty_profile_3,2008-11-22,2009-07-17,0.0,0.0,NO_WIND_OBS
burty_profile_3_2009-07-17_2009-10-01,burty,burty_profile_3,2009-07-17,2009-10-01,0.0,0.0,NO_WIND_OBS
burty_profile_3_2009-10-01_2010-07-22,burty,burty_profile_3,2009-10-01,2010-07-22,0.0,0.0,NO_WIND_OBS
burty_profile_3_2010-07-22_2011-07-13,burty,burty_profile_3,2010-07-22,2011-07-13,403.0,0.29411764705882354,LOW_COVERAGE_WIND
burty_profile_3_2011-07-13_2012-09-25,burty,burty_profile_3,2011-07-13,2012-09-25,490.0,0.2585034013605442,LOW_COVERAGE_WIND
burty_profile_3_2012-09-25_2013-07-12,burty,burty_profile_3,2012-09-25,2013-07-12,0.0,0.0,NO_WIND_OBS
burty_profile_3_2013-07-12_2014-07-09,burty,burty_profile_3,2013-07-12,2014-07-09,0.0,0.0,NO_WIND_OBS
burty_profile_3_2014-07-09_2015-07-14,burty,burty_profile_3,2014-07-09,2015-07-14,0.0,0.0,NO_WIND_OBS
burty_profile_3_2015-07-14_2017-06-20,burty,burty_profile_3,2015-07-14,2017-06-20,0.0,0.0,NO_WIND_OBS
burty_profile_3_2017-06-20_2019-10-08,burty,burty_profile_3,2017-06-20,2019-10-08,0.0,0.0,NO_WIND_OBS
burty_profile_3_2019-10-08_2020-08-18,burty,burty_profile_3,2019-10-08,2020-08-18,0.0,0.0,NO_WIND_OBS
burty_profile_3_2020-08-18_2022-08-04,burty,burty_profile_3,2020-08-18,2022-08-04,14.0,0.009762900976290097,LOW_COVERAGE_WIND
burty_profile_3_2022-08-04_2023-08-15,burty,burty_profile_3,2022-08-04,2023-08-15,0.0,0.0,NO_WIND_OBS
molchanovka_profile_57_1958-09-30_1960-10-22,molchanovka,molchanovka_profile_57,1958-09-30,1960-10-22,0.0,0.0,NO_WIND_OBS
molchanovka_profile_57_1960-10-22_1965-07-29,molchanovka,molchanovka_profile_57,1960-10-22,1965-07-29,0.0,0.0,NO_WIND_OBS
molchanovka_profile_57_1965-07-29_1970-07-17,molchanovka,molchanovka_profile_57,1965-07-29,1970-07-17,0.0,0.0,NO_WIND_OBS
molchanovka_profile_57_1970-07-17_1974-07-16,molchanovka,molchanovka_profile_57,1970-07-17,1974-07-16,0.0,0.0,NO_WIND_OBS
molchanovka_profile_57_1974-07-16_1980-11-27,molchanovka,molchanovka_profile_57,1974-07-16,1980-11-27,0.0,0.0,NO_WIND_OBS
molchanovka_profile_57_1980-11-27_1986-10-27,molchanovka,molchanovka_profile_57,1980-11-27,1986-10-27,0.0,0.0,NO_WIND_OBS
molchanovka_profile_57_1986-10-27_1989-05-21,molchanovka,molchanovka_profile_57,1986-10-27,1989-05-21,0.0,0.0,NO_WIND_OBS
molchanovka_profile_57_1989-05-21_1994-10-24,molchanovka,molchanovka_profile_57,1989-05-21,1994-10-24,0.0,0.0,NO_WIND_OBS
molchanovka_profile_57_1994-10-24_2003-07-23,molchanovka,molchanovka_profile_57,1994-10-24,2003-07-23,0.0,0.0,NO_WIND_OBS
molchanovka_profile_57_2003-07-23_2004-07-27,molchanovka,molchanovka_profile_57,2003-07-23,2004-07-27,0.0,0.0,NO_WIND_OBS
molchanovka_profile_57_2004-07-27_2006-07-23,molchanovka,molchanovka_profile_57,2004-07-27,2006-07-23,0.0,0.0,NO_WIND_OBS
molchanovka_profile_57_2006-07-23_2006-09-30,molchanovka,molchanovka_profile_57,2006-07-23,2006-09-30,0.0,0.0,NO_WIND_OBS
molchanovka_profile_57_2006-09-30_2009-07-19,molchanovka,molchanovka_profile_57,2006-09-30,2009-07-19,0.0,0.0,NO_WIND_OBS
molchanovka_profile_57_2009-07-19_2010-07-24,molchanovka,molchanovka_profile_57,2009-07-19,2010-07-24,0.0,0.0,NO_WIND_OBS
molchanovka_profile_57_2010-07-24_2012-10-15,molchanovka,molchanovka_profile_57,2010-07-24,2012-10-15,893.0,0.2687116564417178,LOW_COVERAGE_WIND
molchanovka_profile_57_2012-10-15_2013-07-10,molchanovka,molchanovka_profile_57,2012-10-15,2013-07-10,0.0,0.0,NO_WIND_OBS
molchanovka_profile_57_2013-07-10_2014-07-11,molchanovka,molchanovka_profile_57,2013-07-10,2014-07-11,0.0,0.0,NO_WIND_OBS
molchanovka_profile_57_2014-07-11_2015-07-15,molchanovka,molchanovka_profile_57,2014-07-11,2015-07-15,0.0,0.0,NO_WIND_OBS
molchanovka_profile_57_2015-07-15_2016-05-25,molchanovka,molchanovka_profile_57,2015-07-15,2016-05-25,0.0,0.0,NO_WIND_OBS
molchanovka_profile_57_2016-05-25_2016-09-17,molchanovka,molchanovka_profile_57,2016-05-25,2016-09-17,0.0,0.0,NO_WIND_OBS
molchanovka_profile_57_2016-09-17_2019-08-14,molchanovka,molchanovka_profile_57,2016-09-17,2019-08-14,0.0,0.0,NO_WIND_OBS
molchanovka_profile_57_2019-08-14_2021-07-07,molchanovka,molchanovka_profile_57,2019-08-14,2021-07-07,1.0,0.001440922190201729,LOW_COVERAGE_WIND
molchanovka_profile_57_2021-07-07_2022-08-03,molchanovka,molchanovka_profile_57,2021-07-07,2022-08-03,13.0,0.015267175572519083,LOW_COVERAGE_WIND
molchanovka_profile_58_1958-09-30_1960-10-22,molchanovka,molchanovka_profile_58,1958-09-30,1960-10-22,0.0,0.0,NO_WIND_OBS
molchanovka_profile_58_1960-10-22_1965-07-29,molchanovka,molchanovka_profile_58,1960-10-22,1965-07-29,0.0,0.0,NO_WIND_OBS
molchanovka_profile_58_1965-07-29_1970-07-17,molchanovka,molchanovka_profile_58,1965-07-29,1970-07-17,0.0,0.0,NO_WIND_OBS
molchanovka_profile_58_1970-07-17_1974-07-16,molchanovka,molchanovka_profile_58,1970-07-17,1974-07-16,0.0,0.0,NO_WIND_OBS
molchanovka_profile_58_1974-07-16_1980-11-27,molchanovka,molchanovka_profile_58,1974-07-16,1980-11-27,0.0,0.0,NO_WIND_OBS
molchanovka_profile_58_1980-11-27_1986-10-27,molchanovka,molchanovka_profile_58,1980-11-27,1986-10-27,0.0,0.0,NO_WIND_OBS
molchanovka_profile_58_1986-10-27_1989-05-21,molchanovka,molchanovka_profile_58,1986-10-27,1989-05-21,0.0,0.0,NO_WIND_OBS
molchanovka_profile_58_1989-05-21_1994-10-24,molchanovka,molchanovka_profile_58,1989-05-21,1994-10-24,0.0,0.0,NO_WIND_OBS
molchanovka_profile_58_1994-10-24_2003-07-23,molchanovka,molchanovka_profile_58,1994-10-24,2003-07-23,0.0,0.0,NO_WIND_OBS
molchanovka_profile_58_2003-07-23_2004-07-27,molchanovka,molchanovka_profile_58,2003-07-23,2004-07-27,0.0,0.0,NO_WIND_OBS
molchanovka_profile_58_2004-07-27_2006-07-23,molchanovka,molchanovka_profile_58,2004-07-27,2006-07-23,0.0,0.0,NO_WIND_OBS
molchanovka_profile_58_2006-07-23_2006-09-30,molchanovka,molchanovka_profile_58,2006-07-23,2006-09-30,0.0,0.0,NO_WIND_OBS
molchanovka_profile_58_2006-09-30_2009-07-19,molchanovka,molchanovka_profile_58,2006-09-30,2009-07-19,0.0,0.0,NO_WIND_OBS
molchanovka_profile_58_2009-07-19_2010-07-24,molchanovka,molchanovka_profile_58,2009-07-19,2010-07-24,0.0,0.0,NO_WIND_OBS
molchanovka_profile_58_2010-07-24_2012-10-15,molchanovka,molchanovka_profile_58,2010-07-24,2012-10-15,893.0,0.2687116564417178,LOW_COVERAGE_WIND
molchanovka_profile_58_2012-10-15_2013-07-10,molchanovka,molchanovka_profile_58,2012-10-15,2013-07-10,0.0,0.0,NO_WIND_OBS
molchanovka_profile_58_2013-07-10_2014-07-11,molchanovka,molchanovka_profile_58,2013-07-10,2014-07-11,0.0,0.0,NO_WIND_OBS
molchanovka_profile_58_2014-07-11_2015-07-15,molchanovka,molchanovka_profile_58,2014-07-11,2015-07-15,0.0,0.0,NO_WIND_OBS
molchanovka_profile_58_2015-07-15_2016-05-25,molchanovka,molchanovka_profile_58,2015-07-15,2016-05-25,0.0,0.0,NO_WIND_OBS
molchanovka_profile_58_2016-05-25_2016-09-17,molchanovka,molchanovka_profile_58,2016-05-25,2016-09-17,0.0,0.0,NO_WIND_OBS
molchanovka_profile_58_2016-09-17_2019-08-14,molchanovka,molchanovka_profile_58,2016-09-17,2019-08-14,0.0,0.0,NO_WIND_OBS
molchanovka_profile_58_2019-08-14_2021-07-07,molchanovka,molchanovka_profile_58,2019-08-14,2021-07-07,1.0,0.001440922190201729,LOW_COVERAGE_WIND
molchanovka_profile_58_2021-07-07_2022-08-03,molchanovka,molchanovka_profile_58,2021-07-07,2022-08-03,13.0,0.015267175572519083,LOW_COVERAGE_WIND
molchanovka_profile_59_1958-09-30_1960-10-22,molchanovka,molchanovka_profile_59,1958-09-30,1960-10-22,0.0,0.0,NO_WIND_OBS
molchanovka_profile_59_1960-10-22_1965-07-29,molchanovka,molchanovka_profile_59,1960-10-22,1965-07-29,0.0,0.0,NO_WIND_OBS
molchanovka_profile_59_1965-07-29_1970-07-17,molchanovka,molchanovka_profile_59,1965-07-29,1970-07-17,0.0,0.0,NO_WIND_OBS
molchanovka_profile_59_1970-07-17_1974-07-16,molchanovka,molchanovka_profile_59,1970-07-17,1974-07-16,0.0,0.0,NO_WIND_OBS
molchanovka_profile_59_1974-07-16_1980-11-27,molchanovka,molchanovka_profile_59,1974-07-16,1980-11-27,0.0,0.0,NO_WIND_OBS
molchanovka_profile_59_1980-11-27_1986-10-27,molchanovka,molchanovka_profile_59,1980-11-27,1986-10-27,0.0,0.0,NO_WIND_OBS
molchanovka_profile_59_1986-10-27_1989-05-21,molchanovka,molchanovka_profile_59,1986-10-27,1989-05-21,0.0,0.0,NO_WIND_OBS
molchanovka_profile_59_1989-05-21_1994-10-24,molchanovka,molchanovka_profile_59,1989-05-21,1994-10-24,0.0,0.0,NO_WIND_OBS
molchanovka_profile_59_1994-10-24_2003-07-23,molchanovka,molchanovka_profile_59,1994-10-24,2003-07-23,0.0,0.0,NO_WIND_OBS
molchanovka_profile_59_2003-07-23_2004-07-27,molchanovka,molchanovka_profile_59,2003-07-23,2004-07-27,0.0,0.0,NO_WIND_OBS
molchanovka_profile_59_2004-07-27_2006-09-30,molchanovka,molchanovka_profile_59,2004-07-27,2006-09-30,0.0,0.0,NO_WIND_OBS
molchanovka_profile_59_2006-09-30_2009-07-19,molchanovka,molchanovka_profile_59,2006-09-30,2009-07-19,0.0,0.0,NO_WIND_OBS
molchanovka_profile_59_2009-07-19_2010-07-24,molchanovka,molchanovka_profile_59,2009-07-19,2010-07-24,0.0,0.0,NO_WIND_OBS
molchanovka_profile_59_2010-07-24_2012-10-15,molchanovka,molchanovka_profile_59,2010-07-24,2012-10-15,893.0,0.2687116564417178,LOW_COVERAGE_WIND
molchanovka_profile_59_2012-10-15_2013-07-10,molchanovka,molchanovka_profile_59,2012-10-15,2013-07-10,0.0,0.0,NO_WIND_OBS
molchanovka_profile_59_2013-07-10_2014-07-11,molchanovka,molchanovka_profile_59,2013-07-10,2014-07-11,0.0,0.0,NO_WIND_OBS
molchanovka_profile_59_2014-07-11_2015-07-15,molchanovka,molchanovka_profile_59,2014-07-11,2015-07-15,0.0,0.0,NO_WIND_OBS
molchanovka_profile_59_2015-07-15_2016-05-25,molchanovka,molchanovka_profile_59,2015-07-15,2016-05-25,0.0,0.0,NO_WIND_OBS
molchanovka_profile_59_2016-05-25_2016-09-17,molchanovka,molchanovka_profile_59,2016-05-25,2016-09-17,0.0,0.0,NO_WIND_OBS
molchanovka_profile_59_2016-09-17_2019-08-14,molchanovka,molchanovka_profile_59,2016-09-17,2019-08-14,0.0,0.0,NO_WIND_OBS
molchanovka_profile_59_2019-08-14_2021-07-07,molchanovka,molchanovka_profile_59,2019-08-14,2021-07-07,1.0,0.001440922190201729,LOW_COVERAGE_WIND
molchanovka_profile_59_2021-07-07_2022-08-03,molchanovka,molchanovka_profile_59,2021-07-07,2022-08-03,13.0,0.015267175572519083,LOW_COVERAGE_WIND
nizhniy_balykley_profile_52_1958-09-28_1960-10-22,nizhniy_balykley,nizhniy_balykley_profile_52,1958-09-28,1960-10-22,0.0,0.0,NO_WIND_OBS
nizhniy_balykley_profile_52_1960-10-22_1965-07-27,nizhniy_balykley,nizhniy_balykley_profile_52,1960-10-22,1965-07-27,0.0,0.0,NO_WIND_OBS
nizhniy_balykley_profile_52_1965-07-27_1970-07-15,nizhniy_balykley,nizhniy_balykley_profile_52,1965-07-27,1970-07-15,0.0,0.0,NO_WIND_OBS
nizhniy_balykley_profile_52_1970-07-15_1974-07-17,nizhniy_balykley,nizhniy_balykley_profile_52,1970-07-15,1974-07-17,0.0,0.0,NO_WIND_OBS
nizhniy_balykley_profile_52_1974-07-17_1980-11-13,nizhniy_balykley,nizhniy_balykley_profile_52,1974-07-17,1980-11-13,0.0,0.0,NO_WIND_OBS
nizhniy_balykley_profile_52_1980-11-13_1986-10-30,nizhniy_balykley,nizhniy_balykley_profile_52,1980-11-13,1986-10-30,0.0,0.0,NO_WIND_OBS
nizhniy_balykley_profile_52_1986-10-30_1991-10-17,nizhniy_balykley,nizhniy_balykley_profile_52,1986-10-30,1991-10-17,0.0,0.0,NO_WIND_OBS
nizhniy_balykley_profile_52_1991-10-17_1995-07-18,nizhniy_balykley,nizhniy_balykley_profile_52,1991-10-17,1995-07-18,0.0,0.0,NO_WIND_OBS
nizhniy_balykley_profile_52_1995-07-18_1999-07-02,nizhniy_balykley,nizhniy_balykley_profile_52,1995-07-18,1999-07-02,0.0,0.0,NO_WIND_OBS
nizhniy_balykley_profile_52_1999-07-02_2000-07-07,nizhniy_balykley,nizhniy_balykley_profile_52,1999-07-02,2000-07-07,0.0,0.0,NO_WIND_OBS
nizhniy_balykley_profile_52_2000-07-07_2005-10-11,nizhniy_balykley,nizhniy_balykley_profile_52,2000-07-07,2005-10-11,0.0,0.0,NO_WIND_OBS
nizhniy_balykley_profile_52_2005-10-11_2006-07-19,nizhniy_balykley,nizhniy_balykley_profile_52,2005-10-11,2006-07-19,0.0,0.0,NO_WIND_OBS
nizhniy_balykley_profile_52_2006-07-19_2006-10-03,nizhniy_balykley,nizhniy_balykley_profile_52,2006-07-19,2006-10-03,0.0,0.0,NO_WIND_OBS
nizhniy_balykley_profile_52_2006-10-03_2009-07-17,nizhniy_balykley,nizhniy_balykley_profile_52,2006-10-03,2009-07-17,0.0,0.0,NO_WIND_OBS
nizhniy_balykley_profile_52_2009-07-17_2010-07-22,nizhniy_balykley,nizhniy_balykley_profile_52,2009-07-17,2010-07-22,0.0,0.0,NO_WIND_OBS
nizhniy_balykley_profile_52_2010-07-22_2011-09-13,nizhniy_balykley,nizhniy_balykley_profile_52,2010-07-22,2011-09-13,584.0,0.360381861575179,LOW_COVERAGE_WIND
nizhniy_balykley_profile_52_2011-09-13_2012-09-25,nizhniy_balykley,nizhniy_balykley_profile_52,2011-09-13,2012-09-25,313.0,0.1820580474934037,LOW_COVERAGE_WIND
nizhniy_balykley_profile_52_2012-09-25_2013-07-12,nizhniy_balykley,nizhniy_balykley_profile_52,2012-09-25,2013-07-12,0.0,0.0,NO_WIND_OBS
nizhniy_balykley_profile_52_2013-07-12_2015-07-14,nizhniy_balykley,nizhniy_balykley_profile_52,2013-07-12,2015-07-14,0.0,0.0,NO_WIND_OBS
nizhniy_balykley_profile_52_2015-07-14_2016-05-26,nizhniy_balykley,nizhniy_balykley_profile_52,2015-07-14,2016-05-26,0.0,0.0,NO_WIND_OBS
nizhniy_balykley_profile_53_1958-09-28_1960-10-22,nizhniy_balykley,nizhniy_balykley_profile_53,1958-09-28,1960-10-22,0.0,0.0,NO_WIND_OBS
nizhniy_balykley_profile_53_1960-10-22_1965-07-27,nizhniy_balykley,nizhniy_balykley_profile_53,1960-10-22,1965-07-27,0.0,0.0,NO_WIND_OBS
nizhniy_balykley_profile_53_1965-07-27_1970-07-15,nizhniy_balykley,nizhniy_balykley_profile_53,1965-07-27,1970-07-15,0.0,0.0,NO_WIND_OBS
nizhniy_balykley_profile_53_1970-07-15_1974-07-17,nizhniy_balykley,nizhniy_balykley_profile_53,1970-07-15,1974-07-17,0.0,0.0,NO_WIND_OBS
nizhniy_balykley_profile_53_1974-07-17_1980-11-13,nizhniy_balykley,nizhniy_balykley_profile_53,1974-07-17,1980-11-13,0.0,0.0,NO_WIND_OBS
nizhniy_balykley_profile_53_1980-11-13_1986-10-30,nizhniy_balykley,nizhniy_balykley_profile_53,1980-11-13,1986-10-30,0.0,0.0,NO_WIND_OBS
nizhniy_balykley_profile_53_1986-10-30_1991-10-17,nizhniy_balykley,nizhniy_balykley_profile_53,1986-10-30,1991-10-17,0.0,0.0,NO_WIND_OBS
nizhniy_balykley_profile_53_1991-10-17_1995-07-18,nizhniy_balykley,nizhniy_balykley_profile_53,1991-10-17,1995-07-18,0.0,0.0,NO_WIND_OBS
nizhniy_balykley_profile_53_1995-07-18_1999-07-02,nizhniy_balykley,nizhniy_balykley_profile_53,1995-07-18,1999-07-02,0.0,0.0,NO_WIND_OBS
nizhniy_balykley_profile_53_1999-07-02_2000-07-07,nizhniy_balykley,nizhniy_balykley_profile_53,1999-07-02,2000-07-07,0.0,0.0,NO_WIND_OBS
nizhniy_balykley_profile_53_2000-07-07_2005-10-11,nizhniy_balykley,nizhniy_balykley_profile_53,2000-07-07,2005-10-11,0.0,0.0,NO_WIND_OBS
nizhniy_balykley_profile_53_2005-10-11_2006-07-19,nizhniy_balykley,nizhniy_balykley_profile_53,2005-10-11,2006-07-19,0.0,0.0,NO_WIND_OBS
nizhniy_balykley_profile_53_2006-07-19_2006-10-03,nizhniy_balykley,nizhniy_balykley_profile_53,2006-07-19,2006-10-03,0.0,0.0,NO_WIND_OBS
nizhniy_balykley_profile_53_2006-10-03_2009-07-17,nizhniy_balykley,nizhniy_balykley_profile_53,2006-10-03,2009-07-17,0.0,0.0,NO_WIND_OBS
nizhniy_balykley_profile_53_2009-07-17_2010-07-22,nizhniy_balykley,nizhniy_balykley_profile_53,2009-07-17,2010-07-22,0.0,0.0,NO_WIND_OBS
nizhniy_balykley_profile_53_2010-07-22_2011-09-13,nizhniy_balykley,nizhniy_balykley_profile_53,2010-07-22,2011-09-13,584.0,0.360381861575179,LOW_COVERAGE_WIND
nizhniy_balykley_profile_53_2011-09-13_2013-07-12,nizhniy_balykley,nizhniy_balykley_profile_53,2011-09-13,2013-07-12,313.0,0.1031390134529148,LOW_COVERAGE_WIND
nizhniy_balykley_profile_53_2013-07-12_2015-07-14,nizhniy_balykley,nizhniy_balykley_profile_53,2013-07-12,2015-07-14,0.0,0.0,NO_WIND_OBS
nizhniy_balykley_profile_53_2015-07-14_2016-05-26,nizhniy_balykley,nizhniy_balykley_profile_53,2015-07-14,2016-05-26,0.0,0.0,NO_WIND_OBS
nizhniy_balykley_profile_53_2016-05-26_2021-07-08,nizhniy_balykley,nizhniy_balykley_profile_53,2016-05-26,2021-07-08,1.0,0.0005347593582887701,LOW_COVERAGE_WIND
nizhniy_balykley_profile_53_2021-07-08_2022-10-12,nizhniy_balykley,nizhniy_balykley_profile_53,2021-07-08,2022-10-12,13.0,0.012987012987012988,LOW_COVERAGE_WIND
nizhniy_balykley_profile_53_2022-10-12_2024-07-16,nizhniy_balykley,nizhniy_balykley_profile_53,2022-10-12,2024-07-16,1.0,0.0015527950310559005,LOW_COVERAGE_WIND
nizhniy_balykley_profile_54_1958-09-28_1960-10-22,nizhniy_balykley,nizhniy_balykley_profile_54,1958-09-28,1960-10-22,0.0,0.0,NO_WIND_OBS
nizhniy_balykley_profile_54_1960-10-22_1965-07-27,nizhniy_balykley,nizhniy_balykley_profile_54,1960-10-22,1965-07-27,0.0,0.0,NO_WIND_OBS
nizhniy_balykley_profile_54_1965-07-27_1970-07-15,nizhniy_balykley,nizhniy_balykley_profile_54,1965-07-27,1970-07-15,0.0,0.0,NO_WIND_OBS
nizhniy_balykley_profile_54_1970-07-15_1974-07-17,nizhniy_balykley,nizhniy_balykley_profile_54,1970-07-15,1974-07-17,0.0,0.0,NO_WIND_OBS
nizhniy_balykley_profile_54_1974-07-17_1980-11-13,nizhniy_balykley,nizhniy_balykley_profile_54,1974-07-17,1980-11-13,0.0,0.0,NO_WIND_OBS
nizhniy_balykley_profile_54_1980-11-13_1986-10-30,nizhniy_balykley,nizhniy_balykley_profile_54,1980-11-13,1986-10-30,0.0,0.0,NO_WIND_OBS
nizhniy_balykley_profile_54_1986-10-30_1991-10-17,nizhniy_balykley,nizhniy_balykley_profile_54,1986-10-30,1991-10-17,0.0,0.0,NO_WIND_OBS
nizhniy_balykley_profile_54_1991-10-17_1995-07-18,nizhniy_balykley,nizhniy_balykley_profile_54,1991-10-17,1995-07-18,0.0,0.0,NO_WIND_OBS
nizhniy_balykley_profile_54_1995-07-18_1999-07-02,nizhniy_balykley,nizhniy_balykley_profile_54,1995-07-18,1999-07-02,0.0,0.0,NO_WIND_OBS
nizhniy_balykley_profile_54_1999-07-02_2000-07-07,nizhniy_balykley,nizhniy_balykley_profile_54,1999-07-02,2000-07-07,0.0,0.0,NO_WIND_OBS
nizhniy_balykley_profile_54_2000-07-07_2001-07-07,nizhniy_balykley,nizhniy_balykley_profile_54,2000-07-07,2001-07-07,0.0,0.0,NO_WIND_OBS
nizhniy_balykley_profile_54_2001-07-07_2005-10-11,nizhniy_balykley,nizhniy_balykley_profile_54,2001-07-07,2005-10-11,0.0,0.0,NO_WIND_OBS
nizhniy_balykley_profile_54_2005-10-11_2006-07-19,nizhniy_balykley,nizhniy_balykley_profile_54,2005-10-11,2006-07-19,0.0,0.0,NO_WIND_OBS
nizhniy_balykley_profile_54_2006-07-19_2006-10-03,nizhniy_balykley,nizhniy_balykley_profile_54,2006-07-19,2006-10-03,0.0,0.0,NO_WIND_OBS
nizhniy_balykley_profile_54_2006-10-03_2009-07-17,nizhniy_balykley,nizhniy_balykley_profile_54,2006-10-03,2009-07-17,0.0,0.0,NO_WIND_OBS
nizhniy_balykley_profile_54_2009-07-17_2010-07-22,nizhniy_balykley,nizhniy_balykley_profile_54,2009-07-17,2010-07-22,0.0,0.0,NO_WIND_OBS
nizhniy_balykley_profile_54_2010-07-22_2011-09-13,nizhniy_balykley,nizhniy_balykley_profile_54,2010-07-22,2011-09-13,584.0,0.360381861575179,LOW_COVERAGE_WIND
nizhniy_balykley_profile_54_2011-09-13_2013-07-12,nizhniy_balykley,nizhniy_balykley_profile_54,2011-09-13,2013-07-12,313.0,0.1031390134529148,LOW_COVERAGE_WIND
nizhniy_balykley_profile_54_2013-07-12_2015-07-14,nizhniy_balykley,nizhniy_balykley_profile_54,2013-07-12,2015-07-14,0.0,0.0,NO_WIND_OBS
nizhniy_balykley_profile_54_2015-07-14_2016-05-26,nizhniy_balykley,nizhniy_balykley_profile_54,2015-07-14,2016-05-26,0.0,0.0,NO_WIND_OBS
nizhniy_balykley_profile_54_2016-05-26_2021-07-08,nizhniy_balykley,nizhniy_balykley_profile_54,2016-05-26,2021-07-08,1.0,0.0005347593582887701,LOW_COVERAGE_WIND
nizhniy_balykley_profile_54_2021-07-08_2022-10-12,nizhniy_balykley,nizhniy_balykley_profile_54,2021-07-08,2022-10-12,13.0,0.012987012987012988,LOW_COVERAGE_WIND
nizhniy_balykley_profile_54_2022-10-12_2024-07-16,nizhniy_balykley,nizhniy_balykley_profile_54,2022-10-12,2024-07-16,1.0,0.0015527950310559005,LOW_COVERAGE_WIND
nizhniy_urakov_profile_1_1987-06-28_1989-08-07,nizhniy_urakov,nizhniy_urakov_profile_1,1987-06-28,1989-08-07,0.0,0.0,NO_WIND_OBS
nizhniy_urakov_profile_1_1989-08-07_1993-05-27,nizhniy_urakov,nizhniy_urakov_profile_1,1989-08-07,1993-05-27,0.0,0.0,NO_WIND_OBS
nizhniy_urakov_profile_1_1993-05-27_1995-07-21,nizhniy_urakov,nizhniy_urakov_profile_1,1993-05-27,1995-07-21,0.0,0.0,NO_WIND_OBS
nizhniy_urakov_profile_1_1995-07-21_1995-10-13,nizhniy_urakov,nizhniy_urakov_profile_1,1995-07-21,1995-10-13,0.0,0.0,NO_WIND_OBS
nizhniy_urakov_profile_1_1995-10-13_2000-07-08,nizhniy_urakov,nizhniy_urakov_profile_1,1995-10-13,2000-07-08,0.0,0.0,NO_WIND_OBS
nizhniy_urakov_profile_1_2000-07-08_2001-07-16,nizhniy_urakov,nizhniy_urakov_profile_1,2000-07-08,2001-07-16,0.0,0.0,NO_WIND_OBS
nizhniy_urakov_profile_1_2001-07-16_2003-07-25,nizhniy_urakov,nizhniy_urakov_profile_1,2001-07-16,2003-07-25,0.0,0.0,NO_WIND_OBS
nizhniy_urakov_profile_1_2003-07-25_2004-07-22,nizhniy_urakov,nizhniy_urakov_profile_1,2003-07-25,2004-07-22,0.0,0.0,NO_WIND_OBS
nizhniy_urakov_profile_1_2004-07-22_2005-07-21,nizhniy_urakov,nizhniy_urakov_profile_1,2004-07-22,2005-07-21,0.0,0.0,NO_WIND_OBS
nizhniy_urakov_profile_1_2005-07-21_2006-07-23,nizhniy_urakov,nizhniy_urakov_profile_1,2005-07-21,2006-07-23,0.0,0.0,NO_WIND_OBS
nizhniy_urakov_profile_1_2006-07-23_2006-09-29,nizhniy_urakov,nizhniy_urakov_profile_1,2006-07-23,2006-09-29,0.0,0.0,NO_WIND_OBS
nizhniy_urakov_profile_1_2006-09-29_2009-07-18,nizhniy_urakov,nizhniy_urakov_profile_1,2006-09-29,2009-07-18,0.0,0.0,NO_WIND_OBS
nizhniy_urakov_profile_1_2009-07-18_2009-09-30,nizhniy_urakov,nizhniy_urakov_profile_1,2009-07-18,2009-09-30,0.0,0.0,NO_WIND_OBS
nizhniy_urakov_profile_1_2009-09-30_2011-09-15,nizhniy_urakov,nizhniy_urakov_profile_1,2009-09-30,2011-09-15,590.0,0.2122905027932961,LOW_COVERAGE_WIND
nizhniy_urakov_profile_1_2011-09-15_2012-10-14,nizhniy_urakov,nizhniy_urakov_profile_1,2011-09-15,2012-10-14,309.0,0.1717171717171717,LOW_COVERAGE_WIND
nizhniy_urakov_profile_1_2012-10-14_2013-07-10,nizhniy_urakov,nizhniy_urakov_profile_1,2012-10-14,2013-07-10,0.0,0.0,NO_WIND_OBS
nizhniy_urakov_profile_1_2013-07-10_2014-07-12,nizhniy_urakov,nizhniy_urakov_profile_1,2013-07-10,2014-07-12,0.0,0.0,NO_WIND_OBS
nizhniy_urakov_profile_1_2014-07-12_2016-05-25,nizhniy_urakov,nizhniy_urakov_profile_1,2014-07-12,2016-05-25,0.0,0.0,NO_WIND_OBS
nizhniy_urakov_profile_1_2016-05-25_2019-08-13,nizhniy_urakov,nizhniy_urakov_profile_1,2016-05-25,2019-08-13,0.0,0.0,NO_WIND_OBS
nizhniy_urakov_profile_1_2019-08-13_2020-09-16,nizhniy_urakov,nizhniy_urakov_profile_1,2019-08-13,2020-09-16,0.0,0.0,NO_WIND_OBS
nizhniy_urakov_profile_1_2020-09-16_2022-08-02,nizhniy_urakov,nizhniy_urakov_profile_1,2020-09-16,2022-08-02,14.0,0.01020408163265306,LOW_COVERAGE_WIND
nizhniy_urakov_profile_2_1987-06-28_1989-08-07,nizhniy_urakov,nizhniy_urakov_profile_2,1987-06-28,1989-08-07,0.0,0.0,NO_WIND_OBS
nizhniy_urakov_profile_2_1989-08-07_1993-05-27,nizhniy_urakov,nizhniy_urakov_profile_2,1989-08-07,1993-05-27,0.0,0.0,NO_WIND_OBS
nizhniy_urakov_profile_2_1993-05-27_1995-07-21,nizhniy_urakov,nizhniy_urakov_profile_2,1993-05-27,1995-07-21,0.0,0.0,NO_WIND_OBS
nizhniy_urakov_profile_2_1995-07-21_1995-10-13,nizhniy_urakov,nizhniy_urakov_profile_2,1995-07-21,1995-10-13,0.0,0.0,NO_WIND_OBS
nizhniy_urakov_profile_2_1995-10-13_1999-07-08,nizhniy_urakov,nizhniy_urakov_profile_2,1995-10-13,1999-07-08,0.0,0.0,NO_WIND_OBS
nizhniy_urakov_profile_2_1999-07-08_2000-07-08,nizhniy_urakov,nizhniy_urakov_profile_2,1999-07-08,2000-07-08,0.0,0.0,NO_WIND_OBS
nizhniy_urakov_profile_2_2000-07-08_2001-07-16,nizhniy_urakov,nizhniy_urakov_profile_2,2000-07-08,2001-07-16,0.0,0.0,NO_WIND_OBS
nizhniy_urakov_profile_2_2001-07-16_2003-07-25,nizhniy_urakov,nizhniy_urakov_profile_2,2001-07-16,2003-07-25,0.0,0.0,NO_WIND_OBS
nizhniy_urakov_profile_2_2003-07-25_2004-07-22,nizhniy_urakov,nizhniy_urakov_profile_2,2003-07-25,2004-07-22,0.0,0.0,NO_WIND_OBS
nizhniy_urakov_profile_2_2004-07-22_2005-07-21,nizhniy_urakov,nizhniy_urakov_profile_2,2004-07-22,2005-07-21,0.0,0.0,NO_WIND_OBS
nizhniy_urakov_profile_2_2005-07-21_2006-07-23,nizhniy_urakov,nizhniy_urakov_profile_2,2005-07-21,2006-07-23,0.0,0.0,NO_WIND_OBS
nizhniy_urakov_profile_2_2006-07-23_2006-09-29,nizhniy_urakov,nizhniy_urakov_profile_2,2006-07-23,2006-09-29,0.0,0.0,NO_WIND_OBS
nizhniy_urakov_profile_2_2006-09-29_2009-07-18,nizhniy_urakov,nizhniy_urakov_profile_2,2006-09-29,2009-07-18,0.0,0.0,NO_WIND_OBS
nizhniy_urakov_profile_2_2009-07-18_2010-07-23,nizhniy_urakov,nizhniy_urakov_profile_2,2009-07-18,2010-07-23,0.0,0.0,NO_WIND_OBS
nizhniy_urakov_profile_2_2010-07-23_2011-09-15,nizhniy_urakov,nizhniy_urakov_profile_2,2010-07-23,2011-09-15,590.0,0.3619047619047619,LOW_COVERAGE_WIND
nizhniy_urakov_profile_2_2011-09-15_2012-10-14,nizhniy_urakov,nizhniy_urakov_profile_2,2011-09-15,2012-10-14,309.0,0.1717171717171717,LOW_COVERAGE_WIND
nizhniy_urakov_profile_2_2012-10-14_2013-07-10,nizhniy_urakov,nizhniy_urakov_profile_2,2012-10-14,2013-07-10,0.0,0.0,NO_WIND_OBS
nizhniy_urakov_profile_2_2013-07-10_2014-07-12,nizhniy_urakov,nizhniy_urakov_profile_2,2013-07-10,2014-07-12,0.0,0.0,NO_WIND_OBS
nizhniy_urakov_profile_2_2014-07-12_2016-05-25,nizhniy_urakov,nizhniy_urakov_profile_2,2014-07-12,2016-05-25,0.0,0.0,NO_WIND_OBS
nizhniy_urakov_profile_2_2016-05-25_2019-08-13,nizhniy_urakov,nizhniy_urakov_profile_2,2016-05-25,2019-08-13,0.0,0.0,NO_WIND_OBS
nizhniy_urakov_profile_2_2019-08-13_2020-09-16,nizhniy_urakov,nizhniy_urakov_profile_2,2019-08-13,2020-09-16,0.0,0.0,NO_WIND_OBS
nizhniy_urakov_profile_3_1987-06-28_1989-08-07,nizhniy_urakov,nizhniy_urakov_profile_3,1987-06-28,1989-08-07,0.0,0.0,NO_WIND_OBS
nizhniy_urakov_profile_3_1989-08-07_1993-05-27,nizhniy_urakov,nizhniy_urakov_profile_3,1989-08-07,1993-05-27,0.0,0.0,NO_WIND_OBS
nizhniy_urakov_profile_3_1993-05-27_1995-07-21,nizhniy_urakov,nizhniy_urakov_profile_3,1993-05-27,1995-07-21,0.0,0.0,NO_WIND_OBS
nizhniy_urakov_profile_3_1995-07-21_1995-10-13,nizhniy_urakov,nizhniy_urakov_profile_3,1995-07-21,1995-10-13,0.0,0.0,NO_WIND_OBS
nizhniy_urakov_profile_3_1995-10-13_1999-07-08,nizhniy_urakov,nizhniy_urakov_profile_3,1995-10-13,1999-07-08,0.0,0.0,NO_WIND_OBS
nizhniy_urakov_profile_3_1999-07-08_2000-07-08,nizhniy_urakov,nizhniy_urakov_profile_3,1999-07-08,2000-07-08,0.0,0.0,NO_WIND_OBS
nizhniy_urakov_profile_3_2000-07-08_2001-07-16,nizhniy_urakov,nizhniy_urakov_profile_3,2000-07-08,2001-07-16,0.0,0.0,NO_WIND_OBS
nizhniy_urakov_profile_3_2001-07-16_2003-07-25,nizhniy_urakov,nizhniy_urakov_profile_3,2001-07-16,2003-07-25,0.0,0.0,NO_WIND_OBS
nizhniy_urakov_profile_3_2003-07-25_2005-07-21,nizhniy_urakov,nizhniy_urakov_profile_3,2003-07-25,2005-07-21,0.0,0.0,NO_WIND_OBS
nizhniy_urakov_profile_3_2005-07-21_2006-09-29,nizhniy_urakov,nizhniy_urakov_profile_3,2005-07-21,2006-09-29,0.0,0.0,NO_WIND_OBS
nizhniy_urakov_profile_3_2006-09-29_2009-07-18,nizhniy_urakov,nizhniy_urakov_profile_3,2006-09-29,2009-07-18,0.0,0.0,NO_WIND_OBS
nizhniy_urakov_profile_3_2009-07-18_2009-09-30,nizhniy_urakov,nizhniy_urakov_profile_3,2009-07-18,2009-09-30,0.0,0.0,NO_WIND_OBS
nizhniy_urakov_profile_3_2009-09-30_2010-07-23,nizhniy_urakov,nizhniy_urakov_profile_3,2009-09-30,2010-07-23,0.0,0.0,NO_WIND_OBS
nizhniy_urakov_profile_3_2010-07-23_2011-09-15,nizhniy_urakov,nizhniy_urakov_profile_3,2010-07-23,2011-09-15,590.0,0.3619047619047619,LOW_COVERAGE_WIND
nizhniy_urakov_profile_3_2011-09-15_2013-07-10,nizhniy_urakov,nizhniy_urakov_profile_3,2011-09-15,2013-07-10,309.0,0.10225563909774436,LOW_COVERAGE_WIND
nizhniy_urakov_profile_3_2013-07-10_2014-07-12,nizhniy_urakov,nizhniy_urakov_profile_3,2013-07-10,2014-07-12,0.0,0.0,NO_WIND_OBS
nizhniy_urakov_profile_3_2014-07-12_2016-05-25,nizhniy_urakov,nizhniy_urakov_profile_3,2014-07-12,2016-05-25,0.0,0.0,NO_WIND_OBS
nizhniy_urakov_profile_3_2016-05-25_2019-08-13,nizhniy_urakov,nizhniy_urakov_profile_3,2016-05-25,2019-08-13,0.0,0.0,NO_WIND_OBS
nizhniy_urakov_profile_3_2019-08-13_2020-09-16,nizhniy_urakov,nizhniy_urakov_profile_3,2019-08-13,2020-09-16,0.0,0.0,NO_WIND_OBS
nizhniy_urakov_profile_3_2020-09-16_2022-08-02,nizhniy_urakov,nizhniy_urakov_profile_3,2020-09-16,2022-08-02,14.0,0.01020408163265306,LOW_COVERAGE_WIND
nizhniy_urakov_profile_4_1993-05-27_1995-07-21,nizhniy_urakov,nizhniy_urakov_profile_4,1993-05-27,1995-07-21,0.0,0.0,NO_WIND_OBS
nizhniy_urakov_profile_4_1995-07-21_1995-10-13,nizhniy_urakov,nizhniy_urakov_profile_4,1995-07-21,1995-10-13,0.0,0.0,NO_WIND_OBS
nizhniy_urakov_profile_4_1995-10-13_2000-07-08,nizhniy_urakov,nizhniy_urakov_profile_4,1995-10-13,2000-07-08,0.0,0.0,NO_WIND_OBS
nizhniy_urakov_profile_4_2000-07-08_2001-07-16,nizhniy_urakov,nizhniy_urakov_profile_4,2000-07-08,2001-07-16,0.0,0.0,NO_WIND_OBS
nizhniy_urakov_profile_4_2001-07-16_2003-07-25,nizhniy_urakov,nizhniy_urakov_profile_4,2001-07-16,2003-07-25,0.0,0.0,NO_WIND_OBS
nizhniy_urakov_profile_4_2003-07-25_2004-07-22,nizhniy_urakov,nizhniy_urakov_profile_4,2003-07-25,2004-07-22,0.0,0.0,NO_WIND_OBS
nizhniy_urakov_profile_4_2004-07-22_2005-07-21,nizhniy_urakov,nizhniy_urakov_profile_4,2004-07-22,2005-07-21,0.0,0.0,NO_WIND_OBS
nizhniy_urakov_profile_4_2005-07-21_2006-07-23,nizhniy_urakov,nizhniy_urakov_profile_4,2005-07-21,2006-07-23,0.0,0.0,NO_WIND_OBS
nizhniy_urakov_profile_4_2006-07-23_2006-09-29,nizhniy_urakov,nizhniy_urakov_profile_4,2006-07-23,2006-09-29,0.0,0.0,NO_WIND_OBS
nizhniy_urakov_profile_4_2006-09-29_2009-07-18,nizhniy_urakov,nizhniy_urakov_profile_4,2006-09-29,2009-07-18,0.0,0.0,NO_WIND_OBS
nizhniy_urakov_profile_4_2009-07-18_2009-09-30,nizhniy_urakov,nizhniy_urakov_profile_4,2009-07-18,2009-09-30,0.0,0.0,NO_WIND_OBS
nizhniy_urakov_profile_4_2009-09-30_2010-07-23,nizhniy_urakov,nizhniy_urakov_profile_4,2009-09-30,2010-07-23,0.0,0.0,NO_WIND_OBS
nizhniy_urakov_profile_4_2010-07-23_2011-09-15,nizhniy_urakov,nizhniy_urakov_profile_4,2010-07-23,2011-09-15,590.0,0.3619047619047619,LOW_COVERAGE_WIND
nizhniy_urakov_profile_4_2011-09-15_2012-10-14,nizhniy_urakov,nizhniy_urakov_profile_4,2011-09-15,2012-10-14,309.0,0.1717171717171717,LOW_COVERAGE_WIND
nizhniy_urakov_profile_4_2012-10-14_2013-07-10,nizhniy_urakov,nizhniy_urakov_profile_4,2012-10-14,2013-07-10,0.0,0.0,NO_WIND_OBS
nizhniy_urakov_profile_4_2013-07-10_2014-07-12,nizhniy_urakov,nizhniy_urakov_profile_4,2013-07-10,2014-07-12,0.0,0.0,NO_WIND_OBS
nizhniy_urakov_profile_4_2014-07-12_2016-05-25,nizhniy_urakov,nizhniy_urakov_profile_4,2014-07-12,2016-05-25,0.0,0.0,NO_WIND_OBS
nizhniy_urakov_profile_4_2016-05-25_2019-08-13,nizhniy_urakov,nizhniy_urakov_profile_4,2016-05-25,2019-08-13,0.0,0.0,NO_WIND_OBS
nizhniy_urakov_profile_4_2019-08-13_2020-09-16,nizhniy_urakov,nizhniy_urakov_profile_4,2019-08-13,2020-09-16,0.0,0.0,NO_WIND_OBS
nizhniy_urakov_profile_4_2020-09-16_2022-08-02,nizhniy_urakov,nizhniy_urakov_profile_4,2020-09-16,2022-08-02,14.0,0.01020408163265306,LOW_COVERAGE_WIND
novonikolskoe_profile_49_1959-12-11_1960-10-21,novonikolskoe,novonikolskoe_profile_49,1959-12-11,1960-10-21,0.0,0.0,NO_WIND_OBS
novonikolskoe_profile_49_1960-10-21_1965-07-26,novonikolskoe,novonikolskoe_profile_49,1960-10-21,1965-07-26,0.0,0.0,NO_WIND_OBS
novonikolskoe_profile_49_1965-07-26_1970-07-20,novonikolskoe,novonikolskoe_profile_49,1965-07-26,1970-07-20,0.0,0.0,NO_WIND_OBS
novonikolskoe_profile_49_1970-07-20_1974-07-18,novonikolskoe,novonikolskoe_profile_49,1970-07-20,1974-07-18,0.0,0.0,NO_WIND_OBS
novonikolskoe_profile_49_1974-07-18_1980-11-03,novonikolskoe,novonikolskoe_profile_49,1974-07-18,1980-11-03,0.0,0.0,NO_WIND_OBS
novonikolskoe_profile_49_1980-11-03_1986-10-31,novonikolskoe,novonikolskoe_profile_49,1980-11-03,1986-10-31,0.0,0.0,NO_WIND_OBS
novonikolskoe_profile_49_1986-10-31_1991-10-17,novonikolskoe,novonikolskoe_profile_49,1986-10-31,1991-10-17,0.0,0.0,NO_WIND_OBS
novonikolskoe_profile_49_1991-10-17_1999-09-01,novonikolskoe,novonikolskoe_profile_49,1991-10-17,1999-09-01,0.0,0.0,NO_WIND_OBS
novonikolskoe_profile_49_1999-09-01_2006-09-26,novonikolskoe,novonikolskoe_profile_49,1999-09-01,2006-09-26,0.0,0.0,NO_WIND_OBS
novonikolskoe_profile_49_2006-09-26_2009-07-15,novonikolskoe,novonikolskoe_profile_49,2006-09-26,2009-07-15,0.0,0.0,NO_WIND_OBS
novonikolskoe_profile_49_2009-07-15_2011-09-12,novonikolskoe,novonikolskoe_profile_49,2009-07-15,2011-09-12,580.0,0.189873417721519,LOW_COVERAGE_WIND
novonikolskoe_profile_49_2011-09-12_2013-07-03,novonikolskoe,novonikolskoe_profile_49,2011-09-12,2013-07-03,321.0,0.1059001512859304,LOW_COVERAGE_WIND
novonikolskoe_profile_49_2013-07-03_2016-02-20,novonikolskoe,novonikolskoe_profile_49,2013-07-03,2016-02-20,0.0,0.0,NO_WIND_OBS
novonikolskoe_profile_49_2016-02-20_2020-09-07,novonikolskoe,novonikolskoe_profile_49,2016-02-20,2020-09-07,0.0,0.0,NO_WIND_OBS
novonikolskoe_profile_49_2020-09-07_2023-08-14,novonikolskoe,novonikolskoe_profile_49,2020-09-07,2023-08-14,14.0,0.0065298507462686565,LOW_COVERAGE_WIND
novonikolskoe_profile_49_2023-08-14_2024-07-15,novonikolskoe,novonikolskoe_profile_49,2023-08-14,2024-07-15,1.0,0.002967359050445104,LOW_COVERAGE_WIND
novonikolskoe_profile_49_2024-07-15_2025-10-01,novonikolskoe,novonikolskoe_profile_49,2024-07-15,2025-10-01,629.0,0.3783783783783784,LOW_COVERAGE_WIND
novonikolskoe_profile_50_1959-12-11_1960-10-21,novonikolskoe,novonikolskoe_profile_50,1959-12-11,1960-10-21,0.0,0.0,NO_WIND_OBS
novonikolskoe_profile_50_1960-10-21_1965-07-26,novonikolskoe,novonikolskoe_profile_50,1960-10-21,1965-07-26,0.0,0.0,NO_WIND_OBS
novonikolskoe_profile_50_1965-07-26_1974-07-18,novonikolskoe,novonikolskoe_profile_50,1965-07-26,1974-07-18,0.0,0.0,NO_WIND_OBS
novonikolskoe_profile_50_1974-07-18_1980-11-03,novonikolskoe,novonikolskoe_profile_50,1974-07-18,1980-11-03,0.0,0.0,NO_WIND_OBS
novonikolskoe_profile_50_1980-11-03_1986-10-31,novonikolskoe,novonikolskoe_profile_50,1980-11-03,1986-10-31,0.0,0.0,NO_WIND_OBS
novonikolskoe_profile_50_1986-10-31_1991-10-17,novonikolskoe,novonikolskoe_profile_50,1986-10-31,1991-10-17,0.0,0.0,NO_WIND_OBS
novonikolskoe_profile_50_1991-10-17_1995-07-15,novonikolskoe,novonikolskoe_profile_50,1991-10-17,1995-07-15,0.0,0.0,NO_WIND_OBS
novonikolskoe_profile_50_1995-07-15_2003-07-15,novonikolskoe,novonikolskoe_profile_50,1995-07-15,2003-07-15,0.0,0.0,NO_WIND_OBS
novonikolskoe_profile_50_2003-07-15_2006-09-26,novonikolskoe,novonikolskoe_profile_50,2003-07-15,2006-09-26,0.0,0.0,NO_WIND_OBS
novonikolskoe_profile_50_2006-09-26_2009-07-15,novonikolskoe,novonikolskoe_profile_50,2006-09-26,2009-07-15,0.0,0.0,NO_WIND_OBS
novonikolskoe_profile_50_2009-07-15_2011-09-12,novonikolskoe,novonikolskoe_profile_50,2009-07-15,2011-09-12,580.0,0.189873417721519,LOW_COVERAGE_WIND
novonikolskoe_profile_50_2011-09-12_2012-09-25,novonikolskoe,novonikolskoe_profile_50,2011-09-12,2012-09-25,321.0,0.18421052631578946,LOW_COVERAGE_WIND
novonikolskoe_profile_50_2012-09-25_2013-07-03,novonikolskoe,novonikolskoe_profile_50,2012-09-25,2013-07-03,0.0,0.0,NO_WIND_OBS
novonikolskoe_profile_50_2013-07-03_2016-02-20,novonikolskoe,novonikolskoe_profile_50,2013-07-03,2016-02-20,0.0,0.0,NO_WIND_OBS
novonikolskoe_profile_50_2016-02-20_2019-09-10,novonikolskoe,novonikolskoe_profile_50,2016-02-20,2019-09-10,0.0,0.0,NO_WIND_OBS
novonikolskoe_profile_50_2019-09-10_2020-09-07,novonikolskoe,novonikolskoe_profile_50,2019-09-10,2020-09-07,0.0,0.0,NO_WIND_OBS
novonikolskoe_profile_50_2020-09-07_2023-08-14,novonikolskoe,novonikolskoe_profile_50,2020-09-07,2023-08-14,14.0,0.0065298507462686565,LOW_COVERAGE_WIND
novonikolskoe_profile_50_2023-08-14_2024-07-15,novonikolskoe,novonikolskoe_profile_50,2023-08-14,2024-07-15,1.0,0.002967359050445104,LOW_COVERAGE_WIND
novonikolskoe_profile_50_2024-07-15_2025-10-01,novonikolskoe,novonikolskoe_profile_50,2024-07-15,2025-10-01,629.0,0.3783783783783784,LOW_COVERAGE_WIND
novonikolskoe_profile_51_1959-12-11_1960-10-21,novonikolskoe,novonikolskoe_profile_51,1959-12-11,1960-10-21,0.0,0.0,NO_WIND_OBS
novonikolskoe_profile_51_1960-10-21_1965-07-26,novonikolskoe,novonikolskoe_profile_51,1960-10-21,1965-07-26,0.0,0.0,NO_WIND_OBS
novonikolskoe_profile_51_1965-07-26_1970-07-20,novonikolskoe,novonikolskoe_profile_51,1965-07-26,1970-07-20,0.0,0.0,NO_WIND_OBS
novonikolskoe_profile_51_1970-07-20_1974-07-18,novonikolskoe,novonikolskoe_profile_51,1970-07-20,1974-07-18,0.0,0.0,NO_WIND_OBS
novonikolskoe_profile_51_1974-07-18_1980-11-03,novonikolskoe,novonikolskoe_profile_51,1974-07-18,1980-11-03,0.0,0.0,NO_WIND_OBS
novonikolskoe_profile_51_1980-11-03_1986-10-31,novonikolskoe,novonikolskoe_profile_51,1980-11-03,1986-10-31,0.0,0.0,NO_WIND_OBS
novonikolskoe_profile_51_1986-10-31_1991-10-17,novonikolskoe,novonikolskoe_profile_51,1986-10-31,1991-10-17,0.0,0.0,NO_WIND_OBS
novonikolskoe_profile_51_1991-10-17_1995-07-15,novonikolskoe,novonikolskoe_profile_51,1991-10-17,1995-07-15,0.0,0.0,NO_WIND_OBS
novonikolskoe_profile_51_1995-07-15_1999-09-01,novonikolskoe,novonikolskoe_profile_51,1995-07-15,1999-09-01,0.0,0.0,NO_WIND_OBS
novonikolskoe_profile_51_1999-09-01_2006-09-26,novonikolskoe,novonikolskoe_profile_51,1999-09-01,2006-09-26,0.0,0.0,NO_WIND_OBS
novonikolskoe_profile_51_2006-09-26_2009-07-15,novonikolskoe,novonikolskoe_profile_51,2006-09-26,2009-07-15,0.0,0.0,NO_WIND_OBS
novonikolskoe_profile_51_2009-07-15_2011-09-12,novonikolskoe,novonikolskoe_profile_51,2009-07-15,2011-09-12,580.0,0.189873417721519,LOW_COVERAGE_WIND
novonikolskoe_profile_51_2011-09-12_2012-09-25,novonikolskoe,novonikolskoe_profile_51,2011-09-12,2012-09-25,321.0,0.18421052631578946,LOW_COVERAGE_WIND
novonikolskoe_profile_51_2012-09-25_2013-07-03,novonikolskoe,novonikolskoe_profile_51,2012-09-25,2013-07-03,0.0,0.0,NO_WIND_OBS
novonikolskoe_profile_51_2013-07-03_2016-02-20,novonikolskoe,novonikolskoe_profile_51,2013-07-03,2016-02-20,0.0,0.0,NO_WIND_OBS
novonikolskoe_profile_51_2016-02-20_2019-09-10,novonikolskoe,novonikolskoe_profile_51,2016-02-20,2019-09-10,0.0,0.0,NO_WIND_OBS
novonikolskoe_profile_51_2019-09-10_2020-09-07,novonikolskoe,novonikolskoe_profile_51,2019-09-10,2020-09-07,0.0,0.0,NO_WIND_OBS
novonikolskoe_profile_51_2020-09-07_2023-08-14,novonikolskoe,novonikolskoe_profile_51,2020-09-07,2023-08-14,14.0,0.0065298507462686565,LOW_COVERAGE_WIND
novonikolskoe_profile_51_2023-08-14_2024-07-15,novonikolskoe,novonikolskoe_profile_51,2023-08-14,2024-07-15,1.0,0.002967359050445104,LOW_COVERAGE_WIND
novonikolskoe_profile_51_2024-07-15_2025-10-01,novonikolskoe,novonikolskoe_profile_51,2024-07-15,2025-10-01,629.0,0.3783783783783784,LOW_COVERAGE_WIND
pichuga_yuzhny_profile_4_1977-12-01_1980-11-05,pichuga_yuzhny,pichuga_yuzhny_profile_4,1977-12-01,1980-11-05,0.0,0.0,NO_WIND_OBS
pichuga_yuzhny_profile_4_1980-11-05_1986-11-15,pichuga_yuzhny,pichuga_yuzhny_profile_4,1980-11-05,1986-11-15,0.0,0.0,NO_WIND_OBS
pichuga_yuzhny_profile_4_1986-11-15_1988-09-13,pichuga_yuzhny,pichuga_yuzhny_profile_4,1986-11-15,1988-09-13,0.0,0.0,NO_WIND_OBS
pichuga_yuzhny_profile_4_1988-09-13_1995-07-14,pichuga_yuzhny,pichuga_yuzhny_profile_4,1988-09-13,1995-07-14,0.0,0.0,NO_WIND_OBS
pichuga_yuzhny_profile_4_1995-07-14_2005-07-15,pichuga_yuzhny,pichuga_yuzhny_profile_4,1995-07-14,2005-07-15,0.0,0.0,NO_WIND_OBS
pichuga_yuzhny_profile_4_2005-07-15_2006-07-18,pichuga_yuzhny,pichuga_yuzhny_profile_4,2005-07-15,2006-07-18,0.0,0.0,NO_WIND_OBS
pichuga_yuzhny_profile_4_2006-07-18_2006-09-25,pichuga_yuzhny,pichuga_yuzhny_profile_4,2006-07-18,2006-09-25,0.0,0.0,NO_WIND_OBS
pichuga_yuzhny_profile_4_2006-09-25_2009-07-14,pichuga_yuzhny,pichuga_yuzhny_profile_4,2006-09-25,2009-07-14,0.0,0.0,NO_WIND_OBS
pichuga_yuzhny_profile_4_2009-07-14_2011-09-16,pichuga_yuzhny,pichuga_yuzhny_profile_4,2009-07-14,2011-09-16,594.0,0.19245283018867926,LOW_COVERAGE_WIND
pichuga_yuzhny_profile_4_2011-09-16_2013-07-02,pichuga_yuzhny,pichuga_yuzhny_profile_4,2011-09-16,2013-07-02,303.0,0.10213414634146341,LOW_COVERAGE_WIND
pichuga_yuzhny_profile_4_2013-07-02_2015-07-13,pichuga_yuzhny,pichuga_yuzhny_profile_4,2013-07-02,2015-07-13,0.0,0.0,NO_WIND_OBS
pichuga_yuzhny_profile_4_2015-07-13_2016-09-14,pichuga_yuzhny,pichuga_yuzhny_profile_4,2015-07-13,2016-09-14,0.0,0.0,NO_WIND_OBS
pichuga_yuzhny_profile_4_2016-09-14_2017-06-19,pichuga_yuzhny,pichuga_yuzhny_profile_4,2016-09-14,2017-06-19,0.0,0.0,NO_WIND_OBS
pichuga_yuzhny_profile_4_2017-06-19_2019-10-07,pichuga_yuzhny,pichuga_yuzhny_profile_4,2017-06-19,2019-10-07,0.0,0.0,NO_WIND_OBS
pichuga_yuzhny_profile_4_2019-10-07_2024-07-12,pichuga_yuzhny,pichuga_yuzhny_profile_4,2019-10-07,2024-07-12,15.0,0.004595060310166571,LOW_COVERAGE_WIND
pichuga_yuzhny_profile_5_1977-12-01_1980-11-05,pichuga_yuzhny,pichuga_yuzhny_profile_5,1977-12-01,1980-11-05,0.0,0.0,NO_WIND_OBS
pichuga_yuzhny_profile_5_1980-11-05_1986-11-15,pichuga_yuzhny,pichuga_yuzhny_profile_5,1980-11-05,1986-11-15,0.0,0.0,NO_WIND_OBS
pichuga_yuzhny_profile_5_1986-11-15_1988-09-13,pichuga_yuzhny,pichuga_yuzhny_profile_5,1986-11-15,1988-09-13,0.0,0.0,NO_WIND_OBS
pichuga_yuzhny_profile_5_1988-09-13_1990-03-01,pichuga_yuzhny,pichuga_yuzhny_profile_5,1988-09-13,1990-03-01,0.0,0.0,NO_WIND_OBS
pichuga_yuzhny_profile_5_1990-03-01_1995-07-14,pichuga_yuzhny,pichuga_yuzhny_profile_5,1990-03-01,1995-07-14,0.0,0.0,NO_WIND_OBS
pichuga_yuzhny_profile_5_1995-07-14_2006-09-25,pichuga_yuzhny,pichuga_yuzhny_profile_5,1995-07-14,2006-09-25,0.0,0.0,NO_WIND_OBS
pichuga_yuzhny_profile_5_2006-09-25_2011-09-16,pichuga_yuzhny,pichuga_yuzhny_profile_5,2006-09-25,2011-09-16,594.0,0.08415841584158416,LOW_COVERAGE_WIND
pichuga_yuzhny_profile_5_2011-09-16_2013-07-02,pichuga_yuzhny,pichuga_yuzhny_profile_5,2011-09-16,2013-07-02,303.0,0.10213414634146341,LOW_COVERAGE_WIND
pichuga_yuzhny_profile_5_2013-07-02_2015-07-13,pichuga_yuzhny,pichuga_yuzhny_profile_5,2013-07-02,2015-07-13,0.0,0.0,NO_WIND_OBS
pichuga_yuzhny_profile_5_2015-07-13_2016-09-14,pichuga_yuzhny,pichuga_yuzhny_profile_5,2015-07-13,2016-09-14,0.0,0.0,NO_WIND_OBS
pichuga_yuzhny_profile_5_2016-09-14_2017-06-19,pichuga_yuzhny,pichuga_yuzhny_profile_5,2016-09-14,2017-06-19,0.0,0.0,NO_WIND_OBS
pichuga_yuzhny_profile_5_2017-06-19_2019-10-07,pichuga_yuzhny,pichuga_yuzhny_profile_5,2017-06-19,2019-10-07,0.0,0.0,NO_WIND_OBS
pichuga_yuzhny_profile_5_2019-10-07_2021-06-01,pichuga_yuzhny,pichuga_yuzhny_profile_5,2019-10-07,2021-06-01,1.0,0.0016556291390728477,LOW_COVERAGE_WIND
pichuga_yuzhny_profile_5_2021-06-01_2024-07-12,pichuga_yuzhny,pichuga_yuzhny_profile_5,2021-06-01,2024-07-12,14.0,0.006151142355008787,LOW_COVERAGE_WIND
pichuga_yuzhny_profile_6_1977-12-01_1980-11-05,pichuga_yuzhny,pichuga_yuzhny_profile_6,1977-12-01,1980-11-05,0.0,0.0,NO_WIND_OBS
pichuga_yuzhny_profile_6_1980-11-05_1986-11-15,pichuga_yuzhny,pichuga_yuzhny_profile_6,1980-11-05,1986-11-15,0.0,0.0,NO_WIND_OBS
pichuga_yuzhny_profile_6_1986-11-15_1988-09-13,pichuga_yuzhny,pichuga_yuzhny_profile_6,1986-11-15,1988-09-13,0.0,0.0,NO_WIND_OBS
pichuga_yuzhny_profile_6_1988-09-13_1990-03-01,pichuga_yuzhny,pichuga_yuzhny_profile_6,1988-09-13,1990-03-01,0.0,0.0,NO_WIND_OBS
pichuga_yuzhny_profile_6_1990-03-01_1995-07-14,pichuga_yuzhny,pichuga_yuzhny_profile_6,1990-03-01,1995-07-14,0.0,0.0,NO_WIND_OBS
pichuga_yuzhny_profile_6_1995-07-14_2011-09-16,pichuga_yuzhny,pichuga_yuzhny_profile_6,1995-07-14,2011-09-16,594.0,0.025892706041631408,LOW_COVERAGE_WIND
pichuga_yuzhny_profile_6_2011-09-16_2015-07-13,pichuga_yuzhny,pichuga_yuzhny_profile_6,2011-09-16,2015-07-13,303.0,0.047959914101646385,LOW_COVERAGE_WIND
pichuga_yuzhny_profile_6_2015-07-13_2016-09-14,pichuga_yuzhny,pichuga_yuzhny_profile_6,2015-07-13,2016-09-14,0.0,0.0,NO_WIND_OBS
pichuga_yuzhny_profile_6_2016-09-14_2019-10-07,pichuga_yuzhny,pichuga_yuzhny_profile_6,2016-09-14,2019-10-07,0.0,0.0,NO_WIND_OBS
pichuga_yuzhny_profile_6_2019-10-07_2021-06-01,pichuga_yuzhny,pichuga_yuzhny_profile_6,2019-10-07,2021-06-01,1.0,0.0016556291390728477,LOW_COVERAGE_WIND
pichuga_yuzhny_profile_6_2021-06-01_2024-07-12,pichuga_yuzhny,pichuga_yuzhny_profile_6,2021-06-01,2024-07-12,14.0,0.006151142355008787,LOW_COVERAGE_WIND
proleyskiy_profile_1_1987-07-01_1990-05-19,proleyskiy,proleyskiy_profile_1,1987-07-01,1990-05-19,0.0,0.0,NO_WIND_OBS
proleyskiy_profile_1_1990-05-19_1993-05-25,proleyskiy,proleyskiy_profile_1,1990-05-19,1993-05-25,0.0,0.0,NO_WIND_OBS
proleyskiy_profile_1_1993-05-25_1997-08-14,proleyskiy,proleyskiy_profile_1,1993-05-25,1997-08-14,0.0,0.0,NO_WIND_OBS
proleyskiy_profile_1_1997-08-14_1999-07-09,proleyskiy,proleyskiy_profile_1,1997-08-14,1999-07-09,0.0,0.0,NO_WIND_OBS
proleyskiy_profile_1_1999-07-09_2000-07-06,proleyskiy,proleyskiy_profile_1,1999-07-09,2000-07-06,0.0,0.0,NO_WIND_OBS
proleyskiy_profile_1_2000-07-06_2001-07-06,proleyskiy,proleyskiy_profile_1,2000-07-06,2001-07-06,0.0,0.0,NO_WIND_OBS
proleyskiy_profile_1_2001-07-06_2003-07-16,proleyskiy,proleyskiy_profile_1,2001-07-06,2003-07-16,0.0,0.0,NO_WIND_OBS
proleyskiy_profile_1_2003-07-16_2004-07-19,proleyskiy,proleyskiy_profile_1,2003-07-16,2004-07-19,0.0,0.0,NO_WIND_OBS
proleyskiy_profile_1_2004-07-19_2006-07-19,proleyskiy,proleyskiy_profile_1,2004-07-19,2006-07-19,0.0,0.0,NO_WIND_OBS
proleyskiy_profile_1_2006-07-19_2006-09-26,proleyskiy,proleyskiy_profile_1,2006-07-19,2006-09-26,0.0,0.0,NO_WIND_OBS
proleyskiy_profile_1_2006-09-26_2008-11-22,proleyskiy,proleyskiy_profile_1,2006-09-26,2008-11-22,0.0,0.0,NO_WIND_OBS
proleyskiy_profile_1_2008-11-22_2009-07-15,proleyskiy,proleyskiy_profile_1,2008-11-22,2009-07-15,0.0,0.0,NO_WIND_OBS
proleyskiy_profile_1_2009-07-15_2011-07-13,proleyskiy,proleyskiy_profile_1,2009-07-15,2011-07-13,403.0,0.1440329218106996,LOW_COVERAGE_WIND
proleyskiy_profile_1_2011-07-13_2012-10-17,proleyskiy,proleyskiy_profile_1,2011-07-13,2012-10-17,490.0,0.24622030237580994,LOW_COVERAGE_WIND
proleyskiy_profile_1_2012-10-17_2013-07-04,proleyskiy,proleyskiy_profile_1,2012-10-17,2013-07-04,0.0,0.0,NO_WIND_OBS
proleyskiy_profile_1_2013-07-04_2014-07-08,proleyskiy,proleyskiy_profile_1,2013-07-04,2014-07-08,0.0,0.0,NO_WIND_OBS
proleyskiy_profile_1_2014-07-08_2015-07-13,proleyskiy,proleyskiy_profile_1,2014-07-08,2015-07-13,0.0,0.0,NO_WIND_OBS
proleyskiy_profile_1_2015-07-13_2019-10-10,proleyskiy,proleyskiy_profile_1,2015-07-13,2019-10-10,0.0,0.0,NO_WIND_OBS
proleyskiy_profile_2_1987-07-01_1990-05-19,proleyskiy,proleyskiy_profile_2,1987-07-01,1990-05-19,0.0,0.0,NO_WIND_OBS
proleyskiy_profile_2_1990-05-19_1993-05-25,proleyskiy,proleyskiy_profile_2,1990-05-19,1993-05-25,0.0,0.0,NO_WIND_OBS
proleyskiy_profile_2_1993-05-25_1995-07-17,proleyskiy,proleyskiy_profile_2,1993-05-25,1995-07-17,0.0,0.0,NO_WIND_OBS
proleyskiy_profile_2_1995-07-17_1997-08-14,proleyskiy,proleyskiy_profile_2,1995-07-17,1997-08-14,0.0,0.0,NO_WIND_OBS
proleyskiy_profile_2_1997-08-14_1999-07-09,proleyskiy,proleyskiy_profile_2,1997-08-14,1999-07-09,0.0,0.0,NO_WIND_OBS
proleyskiy_profile_2_1999-07-09_2000-07-06,proleyskiy,proleyskiy_profile_2,1999-07-09,2000-07-06,0.0,0.0,NO_WIND_OBS
proleyskiy_profile_2_2000-07-06_2001-07-06,proleyskiy,proleyskiy_profile_2,2000-07-06,2001-07-06,0.0,0.0,NO_WIND_OBS
proleyskiy_profile_2_2001-07-06_2003-07-16,proleyskiy,proleyskiy_profile_2,2001-07-06,2003-07-16,0.0,0.0,NO_WIND_OBS
proleyskiy_profile_2_2003-07-16_2004-07-19,proleyskiy,proleyskiy_profile_2,2003-07-16,2004-07-19,0.0,0.0,NO_WIND_OBS
proleyskiy_profile_2_2004-07-19_2006-07-19,proleyskiy,proleyskiy_profile_2,2004-07-19,2006-07-19,0.0,0.0,NO_WIND_OBS
proleyskiy_profile_2_2006-07-19_2006-09-26,proleyskiy,proleyskiy_profile_2,2006-07-19,2006-09-26,0.0,0.0,NO_WIND_OBS
proleyskiy_profile_2_2006-09-26_2008-11-22,proleyskiy,proleyskiy_profile_2,2006-09-26,2008-11-22,0.0,0.0,NO_WIND_OBS
proleyskiy_profile_2_2008-11-22_2009-07-15,proleyskiy,proleyskiy_profile_2,2008-11-22,2009-07-15,0.0,0.0,NO_WIND_OBS
proleyskiy_profile_2_2009-07-15_2010-07-20,proleyskiy,proleyskiy_profile_2,2009-07-15,2010-07-20,0.0,0.0,NO_WIND_OBS
proleyskiy_profile_2_2010-07-20_2011-07-13,proleyskiy,proleyskiy_profile_2,2010-07-20,2011-07-13,403.0,0.2924791086350975,LOW_COVERAGE_WIND
proleyskiy_profile_2_2011-07-13_2012-10-17,proleyskiy,proleyskiy_profile_2,2011-07-13,2012-10-17,490.0,0.24622030237580994,LOW_COVERAGE_WIND
proleyskiy_profile_2_2012-10-17_2013-07-04,proleyskiy,proleyskiy_profile_2,2012-10-17,2013-07-04,0.0,0.0,NO_WIND_OBS
proleyskiy_profile_2_2013-07-04_2014-07-08,proleyskiy,proleyskiy_profile_2,2013-07-04,2014-07-08,0.0,0.0,NO_WIND_OBS
proleyskiy_profile_2_2014-07-08_2015-07-13,proleyskiy,proleyskiy_profile_2,2014-07-08,2015-07-13,0.0,0.0,NO_WIND_OBS
proleyskiy_profile_2_2015-07-13_2016-09-15,proleyskiy,proleyskiy_profile_2,2015-07-13,2016-09-15,0.0,0.0,NO_WIND_OBS
proleyskiy_profile_2_2016-09-15_2019-10-10,proleyskiy,proleyskiy_profile_2,2016-09-15,2019-10-10,0.0,0.0,NO_WIND_OBS
proleyskiy_profile_2_2019-10-10_2020-08-17,proleyskiy,proleyskiy_profile_2,2019-10-10,2020-08-17,0.0,0.0,NO_WIND_OBS
proleyskiy_profile_2_2020-08-17_2022-08-04,proleyskiy,proleyskiy_profile_2,2020-08-17,2022-08-04,14.0,0.009749303621169917,LOW_COVERAGE_WIND
proleyskiy_profile_2_2022-08-04_2023-08-14,proleyskiy,proleyskiy_profile_2,2022-08-04,2023-08-14,0.0,0.0,NO_WIND_OBS
proleyskiy_profile_3_1987-07-01_1990-05-19,proleyskiy,proleyskiy_profile_3,1987-07-01,1990-05-19,0.0,0.0,NO_WIND_OBS
proleyskiy_profile_3_1990-05-19_1993-05-25,proleyskiy,proleyskiy_profile_3,1990-05-19,1993-05-25,0.0,0.0,NO_WIND_OBS
proleyskiy_profile_3_1993-05-25_1995-07-17,proleyskiy,proleyskiy_profile_3,1993-05-25,1995-07-17,0.0,0.0,NO_WIND_OBS
proleyskiy_profile_3_1995-07-17_1997-08-14,proleyskiy,proleyskiy_profile_3,1995-07-17,1997-08-14,0.0,0.0,NO_WIND_OBS
proleyskiy_profile_3_1997-08-14_1999-07-09,proleyskiy,proleyskiy_profile_3,1997-08-14,1999-07-09,0.0,0.0,NO_WIND_OBS
proleyskiy_profile_3_1999-07-09_2000-07-06,proleyskiy,proleyskiy_profile_3,1999-07-09,2000-07-06,0.0,0.0,NO_WIND_OBS
proleyskiy_profile_3_2000-07-06_2003-07-16,proleyskiy,proleyskiy_profile_3,2000-07-06,2003-07-16,0.0,0.0,NO_WIND_OBS
proleyskiy_profile_3_2003-07-16_2004-07-19,proleyskiy,proleyskiy_profile_3,2003-07-16,2004-07-19,0.0,0.0,NO_WIND_OBS
proleyskiy_profile_3_2004-07-19_2006-07-19,proleyskiy,proleyskiy_profile_3,2004-07-19,2006-07-19,0.0,0.0,NO_WIND_OBS
proleyskiy_profile_3_2006-07-19_2006-09-26,proleyskiy,proleyskiy_profile_3,2006-07-19,2006-09-26,0.0,0.0,NO_WIND_OBS
proleyskiy_profile_3_2006-09-26_2008-11-22,proleyskiy,proleyskiy_profile_3,2006-09-26,2008-11-22,0.0,0.0,NO_WIND_OBS
proleyskiy_profile_3_2008-11-22_2009-07-15,proleyskiy,proleyskiy_profile_3,2008-11-22,2009-07-15,0.0,0.0,NO_WIND_OBS
proleyskiy_profile_3_2009-07-15_2010-07-20,proleyskiy,proleyskiy_profile_3,2009-07-15,2010-07-20,0.0,0.0,NO_WIND_OBS
proleyskiy_profile_3_2010-07-20_2011-07-13,proleyskiy,proleyskiy_profile_3,2010-07-20,2011-07-13,403.0,0.2924791086350975,LOW_COVERAGE_WIND
proleyskiy_profile_3_2011-07-13_2012-10-17,proleyskiy,proleyskiy_profile_3,2011-07-13,2012-10-17,490.0,0.24622030237580994,LOW_COVERAGE_WIND
proleyskiy_profile_3_2012-10-17_2013-07-04,proleyskiy,proleyskiy_profile_3,2012-10-17,2013-07-04,0.0,0.0,NO_WIND_OBS
proleyskiy_profile_3_2013-07-04_2014-07-08,proleyskiy,proleyskiy_profile_3,2013-07-04,2014-07-08,0.0,0.0,NO_WIND_OBS
proleyskiy_profile_3_2014-07-08_2015-07-13,proleyskiy,proleyskiy_profile_3,2014-07-08,2015-07-13,0.0,0.0,NO_WIND_OBS
proleyskiy_profile_3_2015-07-13_2016-09-15,proleyskiy,proleyskiy_profile_3,2015-07-13,2016-09-15,0.0,0.0,NO_WIND_OBS
proleyskiy_profile_3_2016-09-15_2019-10-10,proleyskiy,proleyskiy_profile_3,2016-09-15,2019-10-10,0.0,0.0,NO_WIND_OBS
proleyskiy_profile_3_2019-10-10_2020-08-17,proleyskiy,proleyskiy_profile_3,2019-10-10,2020-08-17,0.0,0.0,NO_WIND_OBS
proleyskiy_profile_3_2020-08-17_2022-08-04,proleyskiy,proleyskiy_profile_3,2020-08-17,2022-08-04,14.0,0.009749303621169917,LOW_COVERAGE_WIND
proleyskiy_profile_3_2022-08-04_2023-08-14,proleyskiy,proleyskiy_profile_3,2022-08-04,2023-08-14,0.0,0.0,NO_WIND_OBS
suvodskaya_profile_2_2009-10-16_2010-07-28,suvodskaya,suvodskaya_profile_2,2009-10-16,2010-07-28,0.0,0.0,NO_WIND_OBS
suvodskaya_profile_2_2010-07-28_2013-07-13,suvodskaya,suvodskaya_profile_2,2010-07-28,2013-07-13,893.0,0.2024029574861368,LOW_COVERAGE_WIND
suvodskaya_profile_2_2013-07-13_2025-04-23,suvodskaya,suvodskaya_profile_2,2013-07-13,2025-04-23,171.0,0.011852196142226355,LOW_COVERAGE_WIND
suvodskaya_profile_3_2009-07-16_2009-10-16,suvodskaya,suvodskaya_profile_3,2009-07-16,2009-10-16,0.0,0.0,NO_WIND_OBS
suvodskaya_profile_3_2009-10-16_2010-07-28,suvodskaya,suvodskaya_profile_3,2009-10-16,2010-07-28,0.0,0.0,NO_WIND_OBS
suvodskaya_profile_3_2010-07-28_2013-07-13,suvodskaya,suvodskaya_profile_3,2010-07-28,2013-07-13,893.0,0.2024029574861368,LOW_COVERAGE_WIND
suvodskaya_profile_3_2013-07-13_2025-04-23,suvodskaya,suvodskaya_profile_3,2013-07-13,2025-04-23,171.0,0.011852196142226355,LOW_COVERAGE_WIND
suvodskaya_profile_4_2009-07-16_2009-10-16,suvodskaya,suvodskaya_profile_4,2009-07-16,2009-10-16,0.0,0.0,NO_WIND_OBS
suvodskaya_profile_4_2009-10-16_2010-07-28,suvodskaya,suvodskaya_profile_4,2009-10-16,2010-07-28,0.0,0.0,NO_WIND_OBS
suvodskaya_profile_4_2010-07-28_2013-07-13,suvodskaya,suvodskaya_profile_4,2010-07-28,2013-07-13,893.0,0.2024029574861368,LOW_COVERAGE_WIND
suvodskaya_profile_5_2009-07-16_2010-07-28,suvodskaya,suvodskaya_profile_5,2009-07-16,2010-07-28,0.0,0.0,NO_WIND_OBS
suvodskaya_profile_profil_mezhdu_ovragom_i_brovkoy_vdkhr_2009-10-16_2010-07-28,suvodskaya,suvodskaya_profile_profil_mezhdu_ovragom_i_brovkoy_vdkhr,2009-10-16,2010-07-28,0.0,0.0,NO_WIND_OBS
urakov_bugor_profile_1_1987-06-27_1990-05-23,urakov_bugor,urakov_bugor_profile_1,1987-06-27,1990-05-23,0.0,0.0,NO_WIND_OBS
urakov_bugor_profile_1_1990-05-23_1995-07-22,urakov_bugor,urakov_bugor_profile_1,1990-05-23,1995-07-22,0.0,0.0,NO_WIND_OBS
urakov_bugor_profile_1_1995-07-22_1999-07-08,urakov_bugor,urakov_bugor_profile_1,1995-07-22,1999-07-08,0.0,0.0,NO_WIND_OBS
urakov_bugor_profile_1_1999-07-08_2000-07-09,urakov_bugor,urakov_bugor_profile_1,1999-07-08,2000-07-09,0.0,0.0,NO_WIND_OBS
urakov_bugor_profile_1_2000-07-09_2004-07-28,urakov_bugor,urakov_bugor_profile_1,2000-07-09,2004-07-28,0.0,0.0,NO_WIND_OBS
urakov_bugor_profile_1_2004-07-28_2005-07-26,urakov_bugor,urakov_bugor_profile_1,2004-07-28,2005-07-26,0.0,0.0,NO_WIND_OBS
urakov_bugor_profile_1_2005-07-26_2006-07-23,urakov_bugor,urakov_bugor_profile_1,2005-07-26,2006-07-23,0.0,0.0,NO_WIND_OBS
urakov_bugor_profile_1_2006-07-23_2006-09-29,urakov_bugor,urakov_bugor_profile_1,2006-07-23,2006-09-29,0.0,0.0,NO_WIND_OBS
urakov_bugor_profile_1_2006-09-29_2009-07-19,urakov_bugor,urakov_bugor_profile_1,2006-09-29,2009-07-19,0.0,0.0,NO_WIND_OBS
urakov_bugor_profile_1_2009-07-19_2009-09-30,urakov_bugor,urakov_bugor_profile_1,2009-07-19,2009-09-30,0.0,0.0,NO_WIND_OBS
urakov_bugor_profile_1_2009-09-30_2010-07-23,urakov_bugor,urakov_bugor_profile_1,2009-09-30,2010-07-23,0.0,0.0,NO_WIND_OBS
urakov_bugor_profile_1_2010-07-23_2011-09-14,urakov_bugor,urakov_bugor_profile_1,2010-07-23,2011-09-14,584.0,0.360381861575179,LOW_COVERAGE_WIND
urakov_bugor_profile_1_2011-09-14_2012-10-16,urakov_bugor,urakov_bugor_profile_1,2011-09-14,2012-10-16,309.0,0.17042606516290726,LOW_COVERAGE_WIND
urakov_bugor_profile_1_2012-10-16_2013-07-08,urakov_bugor,urakov_bugor_profile_1,2012-10-16,2013-07-08,0.0,0.0,NO_WIND_OBS
urakov_bugor_profile_1_2013-07-08_2014-07-12,urakov_bugor,urakov_bugor_profile_1,2013-07-08,2014-07-12,0.0,0.0,NO_WIND_OBS
urakov_bugor_profile_1_2014-07-12_2015-07-16,urakov_bugor,urakov_bugor_profile_1,2014-07-12,2015-07-16,0.0,0.0,NO_WIND_OBS
urakov_bugor_profile_1_2015-07-16_2016-10-12,urakov_bugor,urakov_bugor_profile_1,2015-07-16,2016-10-12,0.0,0.0,NO_WIND_OBS
urakov_bugor_profile_1_2016-10-12_2019-10-09,urakov_bugor,urakov_bugor_profile_1,2016-10-12,2019-10-09,0.0,0.0,NO_WIND_OBS
urakov_bugor_profile_1_2019-10-09_2022-08-03,urakov_bugor,urakov_bugor_profile_1,2019-10-09,2022-08-03,14.0,0.006796116504854369,LOW_COVERAGE_WIND
urakov_bugor_profile_1_2022-08-03_2022-10-11,urakov_bugor,urakov_bugor_profile_1,2022-08-03,2022-10-11,0.0,0.0,NO_WIND_OBS
urakov_bugor_profile_1_2022-10-11_2023-10-04,urakov_bugor,urakov_bugor_profile_1,2022-10-11,2023-10-04,0.0,0.0,NO_WIND_OBS
urakov_bugor_profile_2_1987-06-27_1990-05-23,urakov_bugor,urakov_bugor_profile_2,1987-06-27,1990-05-23,0.0,0.0,NO_WIND_OBS
urakov_bugor_profile_2_1990-05-23_1995-07-22,urakov_bugor,urakov_bugor_profile_2,1990-05-23,1995-07-22,0.0,0.0,NO_WIND_OBS
urakov_bugor_profile_2_1995-07-22_1999-07-08,urakov_bugor,urakov_bugor_profile_2,1995-07-22,1999-07-08,0.0,0.0,NO_WIND_OBS
urakov_bugor_profile_2_1999-07-08_2000-07-09,urakov_bugor,urakov_bugor_profile_2,1999-07-08,2000-07-09,0.0,0.0,NO_WIND_OBS
urakov_bugor_profile_2_2000-07-09_2003-07-25,urakov_bugor,urakov_bugor_profile_2,2000-07-09,2003-07-25,0.0,0.0,NO_WIND_OBS
urakov_bugor_profile_2_2003-07-25_2004-07-28,urakov_bugor,urakov_bugor_profile_2,2003-07-25,2004-07-28,0.0,0.0,NO_WIND_OBS
urakov_bugor_profile_2_2004-07-28_2005-07-26,urakov_bugor,urakov_bugor_profile_2,2004-07-28,2005-07-26,0.0,0.0,NO_WIND_OBS
urakov_bugor_profile_2_2005-07-26_2006-07-23,urakov_bugor,urakov_bugor_profile_2,2005-07-26,2006-07-23,0.0,0.0,NO_WIND_OBS
urakov_bugor_profile_2_2006-07-23_2006-09-29,urakov_bugor,urakov_bugor_profile_2,2006-07-23,2006-09-29,0.0,0.0,NO_WIND_OBS
urakov_bugor_profile_2_2006-09-29_2009-07-19,urakov_bugor,urakov_bugor_profile_2,2006-09-29,2009-07-19,0.0,0.0,NO_WIND_OBS
urakov_bugor_profile_2_2009-07-19_2009-09-30,urakov_bugor,urakov_bugor_profile_2,2009-07-19,2009-09-30,0.0,0.0,NO_WIND_OBS
urakov_bugor_profile_2_2009-09-30_2010-07-23,urakov_bugor,urakov_bugor_profile_2,2009-09-30,2010-07-23,0.0,0.0,NO_WIND_OBS
urakov_bugor_profile_2_2010-07-23_2011-09-14,urakov_bugor,urakov_bugor_profile_2,2010-07-23,2011-09-14,584.0,0.360381861575179,LOW_COVERAGE_WIND
urakov_bugor_profile_2_2011-09-14_2012-10-16,urakov_bugor,urakov_bugor_profile_2,2011-09-14,2012-10-16,309.0,0.17042606516290726,LOW_COVERAGE_WIND
urakov_bugor_profile_2_2012-10-16_2013-07-08,urakov_bugor,urakov_bugor_profile_2,2012-10-16,2013-07-08,0.0,0.0,NO_WIND_OBS
urakov_bugor_profile_2_2013-07-08_2014-07-12,urakov_bugor,urakov_bugor_profile_2,2013-07-08,2014-07-12,0.0,0.0,NO_WIND_OBS
urakov_bugor_profile_2_2014-07-12_2015-07-16,urakov_bugor,urakov_bugor_profile_2,2014-07-12,2015-07-16,0.0,0.0,NO_WIND_OBS
urakov_bugor_profile_2_2015-07-16_2016-09-16,urakov_bugor,urakov_bugor_profile_2,2015-07-16,2016-09-16,0.0,0.0,NO_WIND_OBS
urakov_bugor_profile_2_2016-09-16_2016-10-12,urakov_bugor,urakov_bugor_profile_2,2016-09-16,2016-10-12,0.0,0.0,NO_WIND_OBS
urakov_bugor_profile_2_2016-10-12_2019-10-09,urakov_bugor,urakov_bugor_profile_2,2016-10-12,2019-10-09,0.0,0.0,NO_WIND_OBS
urakov_bugor_profile_2_2019-10-09_2022-08-03,urakov_bugor,urakov_bugor_profile_2,2019-10-09,2022-08-03,14.0,0.006796116504854369,LOW_COVERAGE_WIND
urakov_bugor_profile_2_2022-08-03_2022-10-11,urakov_bugor,urakov_bugor_profile_2,2022-08-03,2022-10-11,0.0,0.0,NO_WIND_OBS
urakov_bugor_profile_2_2022-10-11_2023-10-04,urakov_bugor,urakov_bugor_profile_2,2022-10-11,2023-10-04,0.0,0.0,NO_WIND_OBS
urakov_bugor_profile_3_1987-06-27_1990-05-23,urakov_bugor,urakov_bugor_profile_3,1987-06-27,1990-05-23,0.0,0.0,NO_WIND_OBS
urakov_bugor_profile_3_1990-05-23_1995-07-22,urakov_bugor,urakov_bugor_profile_3,1990-05-23,1995-07-22,0.0,0.0,NO_WIND_OBS
urakov_bugor_profile_3_1995-07-22_1997-08-16,urakov_bugor,urakov_bugor_profile_3,1995-07-22,1997-08-16,0.0,0.0,NO_WIND_OBS
urakov_bugor_profile_3_1997-08-16_2000-07-09,urakov_bugor,urakov_bugor_profile_3,1997-08-16,2000-07-09,0.0,0.0,NO_WIND_OBS
urakov_bugor_profile_3_2000-07-09_2009-07-19,urakov_bugor,urakov_bugor_profile_3,2000-07-09,2009-07-19,0.0,0.0,NO_WIND_OBS
urakov_bugor_profile_3_2009-07-19_2009-09-30,urakov_bugor,urakov_bugor_profile_3,2009-07-19,2009-09-30,0.0,0.0,NO_WIND_OBS
urakov_bugor_profile_3_2009-09-30_2010-07-23,urakov_bugor,urakov_bugor_profile_3,2009-09-30,2010-07-23,0.0,0.0,NO_WIND_OBS
urakov_bugor_profile_3_2010-07-23_2011-09-14,urakov_bugor,urakov_bugor_profile_3,2010-07-23,2011-09-14,584.0,0.360381861575179,LOW_COVERAGE_WIND
urakov_bugor_profile_3_2011-09-14_2012-10-16,urakov_bugor,urakov_bugor_profile_3,2011-09-14,2012-10-16,309.0,0.17042606516290726,LOW_COVERAGE_WIND
urakov_bugor_profile_3_2012-10-16_2013-07-08,urakov_bugor,urakov_bugor_profile_3,2012-10-16,2013-07-08,0.0,0.0,NO_WIND_OBS
urakov_bugor_profile_3_2013-07-08_2014-07-12,urakov_bugor,urakov_bugor_profile_3,2013-07-08,2014-07-12,0.0,0.0,NO_WIND_OBS
urakov_bugor_profile_3_2014-07-12_2015-07-16,urakov_bugor,urakov_bugor_profile_3,2014-07-12,2015-07-16,0.0,0.0,NO_WIND_OBS
urakov_bugor_profile_3_2015-07-16_2016-09-16,urakov_bugor,urakov_bugor_profile_3,2015-07-16,2016-09-16,0.0,0.0,NO_WIND_OBS
urakov_bugor_profile_3_2016-09-16_2016-10-12,urakov_bugor,urakov_bugor_profile_3,2016-09-16,2016-10-12,0.0,0.0,NO_WIND_OBS
urakov_bugor_profile_3_2016-10-12_2019-08-14,urakov_bugor,urakov_bugor_profile_3,2016-10-12,2019-08-14,0.0,0.0,NO_WIND_OBS
urakov_bugor_profile_3_2019-08-14_2023-10-04,urakov_bugor,urakov_bugor_profile_3,2019-08-14,2023-10-04,14.0,0.004626569729015202,LOW_COVERAGE_WIND
